Date,ETE.AT,AAPL,MSFT
2021-09-07,2.744589051073433,152.8309326171875,288.0908508300781
2021-09-08,2.646412154027871,151.28982543945312,288.11968994140625
2021-09-09,2.5961125117207473,150.27545166015625,285.2789306640625
2021-09-10,2.638296756702175,145.3010711669922,283.8009338378906
2021-09-13,2.636222072245431,145.86672973632812,285.0293884277344
2021-09-14,2.6195502319602326,144.4719696044922,287.7166442871094
2021-09-15,2.6242521710423716,145.35952758789062,292.5440979003906
2021-09-16,2.7005785587952573,145.12547302246094,292.927978515625
2021-09-17,2.740482062376998,142.46270751953125,287.7934875488281
2021-09-20,2.5765257628604843,139.4195556640625,282.44769287109375
2021-09-21,2.6272904161801307,139.89747619628906,282.9275817871094
2021-09-22,2.64737454116144,142.2578582763672,286.5553283691406
2021-09-23,2.5878708941768878,143.2137451171875,287.49591064453125
2021-09-24,2.5705096494207,143.30149841308594,287.2943115234375
2021-09-27,2.5439915492463285,141.78970336914062,282.32293701171875
2021-09-28,2.477415286927396,138.41488647460938,272.1018981933594
2021-09-29,2.4556131874231255,139.31227111816406,272.56256103515625
2021-09-30,2.4766980170753925,138.0150146484375,270.5662841796875
2021-10-01,2.4474235054552764,139.1366729736328,277.4571838378906
2021-10-04,2.5086232841278218,135.71311950683594,271.7083740234375
2021-10-05,2.5520385299901704,137.63461303710938,277.130859375
2021-10-06,2.481657935324421,138.50270080566406,281.3056335449219
2021-10-07,2.572836422250191,139.76092529296875,282.9756164550781
2021-10-08,2.6237850704408174,139.3805389404297,282.9756164550781
2021-10-11,2.6037853181760795,139.29273986816406,282.3805236816406
2021-10-12,2.609171339504144,138.02474975585938,281.0849304199219
2021-10-13,2.533494459587189,137.43955993652344,284.37677001953125
2021-10-14,2.5376619822981183,140.21932983398438,290.5574645996094
2021-10-15,2.6177004238815016,141.27276611328125,291.9586486816406
2021-10-18,2.6097374291201163,142.9406280517578,294.9146423339844
2021-10-19,2.6452860810353513,145.09622192382812,295.8168029785156
2021-10-20,2.7397067558992774,145.58389282226562,295.0296936035156
2021-10-21,2.765698202243499,145.79849243164062,298.2448425292969
2021-10-22,2.7689120328225556,145.02793884277344,296.7092590332031
2021-10-25,2.7724251177841666,144.9791717529297,295.7206726074219
2021-10-26,2.757470107133372,145.6424102783203,297.6210021972656
2021-10-27,2.7829193123043297,145.18399047851562,310.1550598144531
2021-10-28,2.783371247161085,148.81240844726562,311.28753662109375
2021-10-29,2.803403688738854,146.11058044433594,318.26470947265625
2021-11-01,2.793338440822879,145.29127502441406,316.1053161621094
2021-11-02,2.812916384419424,146.3251953125,319.7138977050781
2021-11-03,2.860125967937222,147.7589874267578,320.5489196777344
2021-11-04,2.858849197141865,147.24203491210938,322.89068603515625
2021-11-05,2.8541769503030423,147.76951599121094,322.5259094238281
2021-11-08,2.900374467731126,146.948974609375,323.41851806640625
2021-11-09,2.8682226195049907,147.31036376953125,322.42047119140625
2021-11-10,2.852853823456769,144.48748779296875,317.4777526855469
2021-11-11,2.7458413818878,144.43862915039062,319.04217529296875
2021-11-12,2.6515850826251324,146.5094451904297,323.15936279296875
2021-11-15,2.634321891841296,146.5192413330078,322.5355529785156
2021-11-16,2.6952242861266313,147.49600219726562,325.8370361328125
2021-11-17,2.81731007678718,149.92819213867188,326.0581970214844
2021-11-18,2.836285043576936,154.20655822753906,328.12530517578125
2021-11-19,2.838089675154265,156.82440185546875,329.8945007324219
2021-11-22,2.7602453248242114,157.28346252441406,326.74078369140625
2021-11-23,2.6478916415452147,157.66445922851562,324.673583984375
2021-11-24,2.6227557476577203,158.18214416503906,324.8947448730469
2021-11-25,2.658431261220386,158.18214416503906,324.8947448730469
2021-11-26,2.5324483991448687,153.171142578125,316.9817199707031
2021-11-29,2.6200637384827132,156.52159118652344,323.6640319824219
2021-11-30,2.627096399452455,161.46417236328125,317.8567199707031
2021-12-01,2.693640056202412,160.9464874267578,317.3663635253906
2021-12-02,2.6860858868529363,159.9598846435547,316.79901123046875
2021-12-03,2.755735407617493,158.0844268798828,310.5686950683594
2021-12-06,2.7184945167066417,161.48370361328125,313.6262512207031
2021-12-07,2.787815841151229,167.20767211914062,322.0199279785156
2021-12-08,2.8350384485321456,171.0171661376953,322.0679931640625
2021-12-09,2.8303891626185305,170.50924682617188,320.27001953125
2021-12-10,2.8382680886873857,175.28579711914062,329.346435546875
2021-12-13,2.752117765247533,171.66188049316406,326.3273620605469
2021-12-14,2.8123893278774403,170.2846221923828,315.693359375
2021-12-15,2.8113390973615537,175.13929748535156,321.76025390625
2021-12-16,2.897387716341626,168.2626495361328,312.3858337402344
2021-12-17,2.849530108808551,167.1686553955078,311.32818603515625
2021-12-20,2.7652564431068356,165.81088256835938,307.5880432128906
2021-12-21,2.8352940973277896,168.97572326660156,314.6838073730469
2021-12-22,2.862715440944811,171.56419372558594,320.3662414550781
2021-12-23,2.903171720426144,172.18936157226562,321.79876708984375
2021-12-24,2.902777028294622,172.18936157226562,321.79876708984375
2021-12-27,2.8969936845633413,176.14540100097656,329.2598876953125
2021-12-28,2.9184601703400403,175.12953186035156,328.1060791015625
2021-12-29,2.9285042110190034,175.21746826171875,328.7791442871094
2021-12-30,2.894149643497599,174.06480407714844,326.2504577636719
2021-12-31,2.9291595353293474,173.44944763183594,323.365966796875
2022-01-03,2.9095801378332737,177.78639221191406,321.8564147949219
2022-01-04,2.90133218466309,175.52999877929688,316.33758544921875
2022-01-05,2.8756494794310754,170.86093139648438,304.1940002441406
2022-01-06,2.8832622684490445,168.00863647460938,301.7903137207031
2022-01-07,2.9776862855052286,168.1747283935547,301.944091796875
2022-01-10,3.094892787738445,168.19427490234375,302.165283203125
2022-01-11,3.1734333953889973,171.0171661376953,302.84796142578125
2022-01-12,3.2166219189064975,171.456787109375,306.0112609863281
2022-01-13,3.2590898898064324,168.19427490234375,293.0599670410156
2022-01-14,3.1826414741438214,169.05389404296875,298.2520446777344
2022-01-17,3.214039067804947,169.05389404296875,298.2520446777344
2022-01-18,3.2039369160310116,165.85975646972656,290.9928894042969
2022-01-19,3.2281868248893204,162.37255859375,291.64666748046875
2022-01-20,3.2941456496554906,160.69248962402344,289.9832458496094
2022-01-21,3.2256541376725636,158.64125061035156,284.62786865234375
2022-01-24,3.050468088100729,157.8695526123047,284.9547119140625
2022-01-25,3.1127343223006676,156.07223510742188,277.37823486328125
2022-01-26,3.2908398901423084,155.98431396484375,285.2816467285156
2022-01-27,3.3514351015537613,155.5252227783203,288.2910461425781
2022-01-28,3.345285631327215,166.37745666503906,296.38677978515625
2022-01-31,3.4334641367769336,170.72415161132812,299.0020751953125
2022-02-01,3.516690622492149,170.5581512451172,296.8675231933594
2022-02-02,3.497747586625337,171.75953674316406,301.3864440917969
2022-02-03,3.528737929994918,168.8877716064453,289.64678955078125
2022-02-04,3.6720292862173665,168.6041717529297,294.15618896484375
2022-02-07,3.6378342737880303,167.89019775390625,289.3583679199219
2022-02-08,3.600651475043378,170.99057006835938,292.82928466796875
2022-02-09,3.6331184206080707,172.40875244140625,299.2231750488281
2022-02-10,3.743023287884114,168.340087890625,290.7332458496094
2022-02-11,3.7752968756779524,164.93649291992188,283.6759948730469
2022-02-14,3.6393012116529917,165.17127990722656,283.637451171875
2022-02-15,3.739185685566156,168.99539184570312,288.8968200683594
2022-02-16,3.7829234060365877,168.76065063476562,288.55963134765625
2022-02-17,3.7619836438896073,165.17127990722656,280.1099853515625
2022-02-18,3.728995319675107,163.6259307861328,277.41229248046875
2022-02-21,3.6539300964450376,163.6259307861328,277.41229248046875
2022-02-22,3.604600886212779,160.71141052246094,277.2099304199219
2022-02-23,3.667773696798122,156.55474853515625,270.03204345703125
2022-02-24,3.390907544646325,159.1660919189453,283.8289489746094
2022-02-25,3.5735934213501253,161.22976684570312,286.4496154785156
2022-02-28,3.254890972295243,161.49380493164062,287.87567138671875
2022-03-01,3.0770526187989162,159.61602783203125,284.17584228515625
2022-03-02,2.909874193877613,162.90220642089844,289.224365234375
2022-03-03,2.886893616463567,162.57945251464844,285.11041259765625
2022-03-04,2.6456529925418977,159.58665466308594,279.27178955078125
2022-03-07,2.599678086733121,155.80166625976562,268.7218017578125
2022-03-08,2.549550486867389,153.98248291015625,265.7735900878906
2022-03-09,2.7543582292224755,159.37147521972656,277.9613952636719
2022-03-10,2.6180161519491776,155.038818359375,275.1578063964844
2022-03-11,2.6592390851836285,151.3319854736328,269.8393859863281
2022-03-14,2.7474796056954744,147.31222534179688,266.3419494628906
2022-03-15,2.7425532168877,151.68408203125,276.66070556640625
2022-03-16,3.048117821370653,156.0852813720703,283.63629150390625
2022-03-17,2.916886936707101,157.0926513671875,284.43597412109375
2022-03-18,2.98637100270858,160.37889099121094,289.4556579589844
2022-03-21,3.0296500968470355,161.7481231689453,288.2320556640625
2022-03-22,3.085712795831796,165.11256408691406,292.9530334472656
2022-03-23,3.0211091545701265,166.47206115722656,288.550048828125
2022-03-24,2.987505948357125,170.24728393554688,292.9915771484375
2022-03-25,2.9883941664757003,170.8829803466797,292.5869140625
2022-03-28,3.1290997321250984,171.74366760253906,299.35052490234375
2022-03-29,3.287675716983358,175.02987670898438,303.88848876953125
2022-03-30,3.258178843230894,173.8660125732422,302.39508056640625
2022-03-31,3.3024664840145874,170.775390625,297.04779052734375
2022-04-01,3.359992405131976,170.48199462890625,298.1173095703125
2022-04-04,3.419625886651488,174.52130126953125,303.4644775390625
2022-04-05,3.398486719170137,171.2154998779297,299.52392578125
2022-04-06,3.3250349298748745,168.0564727783203,288.55963134765625
2022-04-07,3.3196509799608975,168.35964965820312,290.3613586425781
2022-04-08,3.4312006275827116,166.35467529296875,286.12200927734375
2022-04-11,3.504764940854699,162.10997009277344,274.83978271484375
2022-04-12,3.579282602933688,163.97804260253906,271.7567138671875
2022-04-13,3.527852391154198,166.65786743164062,277.1136169433594
2022-04-14,3.552724333251689,161.66009521484375,269.60809326171875
2022-04-15,3.528081832681238,161.66009521484375,269.60809326171875
2022-04-18,3.5262123265498246,161.44493103027344,270.2729187011719
2022-04-19,3.6617715760061174,163.72373962402344,274.87835693359375
2022-04-20,3.7584458391336284,163.55747985839844,275.8995666503906
2022-04-21,3.885888658979269,162.7652587890625,270.55230712890625
2022-04-22,3.880625659875136,158.2369384765625,264.0200500488281
2022-04-25,3.8719833602186213,159.30303955078125,270.465576171875
2022-04-26,3.7664150015692144,153.35650634765625,260.3492126464844
2022-04-27,3.6937153038522297,153.131591796875,272.874267578125
2022-04-28,3.6024711642339753,160.0463104248047,279.0501708984375
2022-04-29,3.5443303363437337,154.18785095214844,267.38250732421875
2022-05-02,3.555047922067388,154.49107360839844,274.07867431640625
2022-05-03,3.430087892239669,155.97769165039062,271.4869689941406
2022-05-04,3.3862905890588024,162.3740692138672,279.38739013671875
2022-05-05,3.2871923482633747,153.32720947265625,267.21868896484375
2022-05-06,3.097022205984956,154.052001953125,264.6944885253906
2022-05-09,3.140329387617271,148.9391632080078,254.9152069091797
2022-05-10,3.140096935856036,151.33883666992188,259.6554260253906
2022-05-11,3.0941030588493277,143.49327087402344,251.03240966796875
2022-05-12,2.9675293190203433,139.6341094970703,246.02235412597656
2022-05-13,2.9876976682035092,144.09072875976562,251.5816192626953
2022-05-16,2.976325044001811,142.55296325683594,251.9476776123047
2022-05-17,3.0508322749981573,146.177001953125,257.0733642578125
2022-05-18,3.1170855377814632,137.92984008789062,245.36892700195312
2022-05-19,2.918432705590817,134.5310516357422,244.46116638183594
2022-05-20,3.0796247719625853,134.76612854003906,243.90101623535156
2022-05-23,3.1375622727716745,140.17283630371094,251.7136688232422
2022-05-24,3.211396000703189,137.47927856445312,250.718994140625
2022-05-25,3.296913054813899,137.63597106933594,253.51956176757812
2022-05-26,3.290071264300309,140.82908630371094,256.78375244140625
2022-05-27,3.4084857548732543,146.5688018798828,263.8720703125
2022-05-30,3.464810708218465,146.5688018798828,263.8720703125
2022-05-31,3.367202961257476,145.7852020263672,262.5489807128906
2022-06-01,3.4060104795429424,145.65792846679688,263.08013916015625
2022-06-02,3.411660629547896,148.1066131591797,265.16607666015625
2022-06-03,3.463555986477786,142.396240234375,260.7624206542969
2022-06-06,3.483879919441506,143.140625,259.53594970703125
2022-06-07,3.4047253355165594,145.65792846679688,263.15740966796875
2022-06-08,3.3579442644882533,144.92330932617188,261.1390380859375
2022-06-09,3.316645374495124,139.7124481201172,255.7117462158203
2022-06-10,3.185009368449272,134.31556701660156,244.31629943847656
2022-06-13,3.14625309105449,129.17332458496094,233.9541778564453
2022-06-14,2.900545923381401,130.03524780273438,236.1077423095703
2022-06-15,2.9748661286922697,132.65045166015625,243.1284637451172
2022-06-16,2.8271203404926837,127.39063262939453,236.57127380371094
2022-06-17,2.857212466255362,128.85986328125,239.1593475341797
2022-06-20,2.869033167002499,128.85986328125,239.1593475341797
2022-06-21,2.992145242486316,133.0814208984375,245.04055786132812
2022-06-22,2.9183993240809514,132.5720977783203,244.45152282714844
2022-06-23,2.8497761144075184,135.4321746826172,249.98504638671875
2022-06-24,2.738605296570313,138.7526092529297,258.52203369140625
2022-06-27,2.751516674087071,138.7526092529297,255.80824279785156
2022-06-28,2.7842949714927556,134.6191864013672,247.68663024902344
2022-06-29,2.7292867507333085,136.37249755859375,251.33706665039062
2022-06-30,2.635605018887418,133.91395568847656,248.02462768554688
2022-07-01,2.64344786051322,136.07861328125,250.68031311035156
2022-07-04,2.6278130425293966,136.07861328125,250.68031311035156
2022-07-05,2.5098158259689853,138.65463256835938,253.8382568359375
2022-07-06,2.4793574552506925,139.98675537109375,257.0830383300781
2022-07-07,2.675997017223807,143.3463134765625,259.1979064941406
2022-07-08,2.7147050377697894,144.0221710205078,258.48333740234375
2022-07-11,2.6007149422268583,141.89671325683594,255.4413299560547
2022-07-12,2.614693992890693,142.86636352539062,244.9729766845703
2022-07-13,2.619793179182352,142.5039825439453,244.0555419921875
2022-07-14,2.4869335982726852,145.42282104492188,245.36892700195312
2022-07-15,2.4675001235788727,147.08792114257812,247.9184112548828
2022-07-18,2.5597028520421077,144.05157470703125,245.53306579589844
2022-07-19,2.5550856250793004,147.90090942382812,250.63206481933594
2022-07-20,2.6390596686717345,149.89901733398438,253.27810668945312
2022-07-21,2.784631975930097,152.16156005859375,255.75999450683594
2022-07-22,2.8492052139888813,150.92745971679688,251.43365478515625
2022-07-25,2.762410020153652,149.81085205078125,249.95608520507812
2022-07-26,2.689729016174823,148.48858642578125,243.26365661621094
2022-07-27,2.7021658385590968,153.57205200195312,259.5262756347656
2022-07-28,2.723435488457085,154.12057495117188,266.9333801269531
2022-07-29,2.7404893795326757,159.1746368408203,271.1148681640625
2022-08-01,2.882548665796662,158.1951904296875,268.4784851074219
2022-08-02,2.945520855705297,156.7259521484375,265.39788818359375
2022-08-03,2.9608779753609724,162.72039794921875,272.7855529785156
2022-08-04,2.8503386126372163,162.4069366455078,273.9251403808594
2022-08-05,2.781617959201526,162.1813507080078,273.21051025390625
2022-08-08,2.7813749557333267,161.71054077148438,270.7092590332031
2022-08-09,2.844466698628821,161.75958251953125,272.6214599609375
2022-08-10,2.935648992596043,165.99681091308594,279.24627685546875
2022-08-11,2.992276225479685,165.26116943359375,277.1795349121094
2022-08-12,3.0487816294254344,168.80197143554688,281.90191650390625
2022-08-15,3.030957750468133,169.87107849121094,283.4084167480469
2022-08-16,3.047874659364652,169.71417236328125,282.67449951171875
2022-08-17,3.064833424138243,171.20501708984375,281.9292907714844
2022-08-18,3.1045238085970936,170.81268310546875,280.8163757324219
2022-08-19,3.0707589225090146,168.23312377929688,276.92596435546875
2022-08-22,3.0833318834859256,164.3588104248047,268.7967224121094
2022-08-23,3.0039331129557922,164.02532958984375,267.5289611816406
2022-08-24,2.95331855013643,164.31956481933594,266.89996337890625
2022-08-25,3.0084899212356646,166.7716522216797,269.8612976074219
2022-08-26,2.9906786159986183,160.48446655273438,259.4481506347656
2022-08-29,2.8116894826800376,158.28738403320312,256.6803283691406
2022-08-30,2.816219135861047,155.86476135253906,254.4931182861328
2022-08-31,2.8511618339898632,154.20716857910156,253.04151916503906
2022-09-01,2.8161745298532423,154.93295288085938,252.00599670410156
2022-09-02,2.739170225861585,152.8241424560547,247.80592346191406
2022-09-05,2.6661721967424086,152.8241424560547,247.80592346191406
2022-09-06,2.668908691790733,151.56871032714844,245.08648681640625
2022-09-07,2.6456212900800153,152.97128295898438,249.77047729492188
2022-09-08,2.7563986219650616,151.50006103515625,250.18663024902344
2022-09-09,2.9366549282955816,154.35427856445312,255.93515014648438
2022-09-12,2.97628587729605,160.29812622070312,258.0545959472656
2022-09-13,2.892497158161035,150.8919219970703,243.8671112060547
2022-09-14,2.8327600706134035,152.333740234375,244.08969116210938
2022-09-15,2.8386099748849603,149.45005798339844,237.47019958496094
2022-09-16,2.851283876064713,147.81207275390625,236.850830078125
2022-09-19,2.891059484038351,151.51966857910156,236.6378936767578
2022-09-20,2.932961625537473,153.89329528808594,234.63461303710938
2022-09-21,2.797024307493075,150.77420043945312,231.24745178222656
2022-09-22,2.732582262818994,149.81301879882812,233.21202087402344
2022-09-23,2.625336880256725,147.5472412109375,230.2506103515625
2022-09-26,2.588308023436113,147.88075256347656,229.79580688476562
2022-09-27,2.623257233137508,148.85177612304688,228.789306640625
2022-09-28,2.546340606936127,146.96859741210938,233.2991180419922
2022-09-29,2.5948951954867994,139.74961853027344,229.8441925048828
2022-09-30,2.623871591579899,135.55165100097656,225.39247131347656
2022-10-03,2.6088469593635466,139.72018432617188,232.97976684570312
2022-10-04,2.723418073187105,143.30026245117188,240.85736083984375
2022-10-05,2.7743996090317324,143.59449768066406,241.1670684814453
2022-10-06,2.7837500882607173,142.64306640625,238.83470153808594
2022-10-07,2.828078043769807,137.40536499023438,226.68930053710938
2022-10-10,2.7480601045150337,137.7290802001953,221.86016845703125
2022-10-11,2.7315932880588747,136.31668090820312,218.1439208984375
2022-10-12,2.786143024236523,135.68893432617188,218.4729766845703
2022-10-13,2.7772548601687674,140.24984741210938,226.68930053710938
2022-10-14,2.916108952319405,135.7281951904297,221.19236755371094
2022-10-17,2.9383053968737727,139.68096923828125,229.8732452392578
2022-10-18,3.0140226720939154,140.99525451660156,230.81198120117188
2022-10-19,3.02459531269335,141.10317993164062,228.85708618164062
2022-10-20,3.005930179049898,140.6421356201172,228.53770446777344
2022-10-21,3.0106144810445983,144.44778442382812,234.31527709960938
2022-10-24,3.093885960864256,146.5860595703125,239.27992248535156
2022-10-25,3.1440374960538975,149.420654296875,242.57998657226562
2022-10-26,3.1993602207835465,146.48794555664062,223.86341857910156
2022-10-27,3.249429792119969,142.02517700195312,219.44070434570312
2022-10-28,3.209460842754197,152.75550842285156,228.26673889160156
2022-10-31,3.222902871964493,150.4014892578125,224.6472930908203
2022-11-01,3.162289359284614,147.76300048828125,220.81494140625
2022-11-02,3.204914718082648,142.25074768066406,213.00511169433594
2022-11-03,3.151412785681714,136.2185821533203,207.34364318847656
2022-11-04,3.2174780700360373,135.95335388183594,214.25352478027344
2022-11-07,3.301133802161189,136.48387145996094,220.52462768554688
2022-11-08,3.376071523225619,137.0536651611328,221.49237060546875
2022-11-09,3.4005928737561817,132.50491333007812,217.27293395996094
2022-11-10,3.387866598840617,144.29446411132812,235.14755249023438
2022-11-11,3.4561463443212688,147.07479858398438,239.14442443847656
2022-11-14,3.512396385432538,145.6797332763672,233.7636260986328
2022-11-15,3.5046915250011352,147.40887451171875,234.1700897216797
2022-11-16,3.481247746094539,146.18075561523438,234.59710693359375
2022-11-17,3.4387132531940665,148.07691955566406,234.54855346679688
2022-11-18,3.386570777275665,148.636962890625,234.1021728515625
2022-11-21,3.37193780443738,145.41445922851562,234.90769958496094
2022-11-22,3.375760263111175,147.54641723632812,237.79974365234375
2022-11-23,3.49281337882735,148.42080688476562,240.2744903564453
2022-11-24,3.555997117356071,148.42080688476562,240.2744903564453
2022-11-25,3.5073139617187508,145.51271057128906,240.1871795654297
2022-11-28,3.429621923451748,141.69091796875,234.626220703125
2022-11-29,3.4314748503745136,138.69439697265625,233.2384033203125
2022-11-30,3.524680077633718,145.43409729003906,247.61138916015625
2022-12-01,3.6253266707862224,145.7091827392578,247.1746826171875
2022-12-02,3.538571622358404,145.21798706054688,247.4949493408203
2022-12-05,3.44155324635085,144.0586395263672,242.8171844482422
2022-12-06,3.426127331629573,140.40394592285156,237.8870849609375
2022-12-07,3.388387560876879,138.4684600830078,237.15921020507812
2022-12-08,3.3572648531674076,140.1484375,240.09982299804688
2022-12-09,3.4000287216261427,139.6670684814453,238.17823791503906
2022-12-12,3.3953982453925846,141.9561767578125,245.0590057373047
2022-12-13,3.442614456057413,142.9189910888672,249.3389129638672
2022-12-14,3.5059670977102257,140.69863891601562,249.6300506591797
2022-12-15,3.511060609311187,134.1062774658203,241.66229248046875
2022-12-16,3.4730097237144264,132.15121459960938,237.46975708007812
2022-12-19,3.504375136038874,130.04872131347656,233.35488891601562
2022-12-20,3.4879398878856307,129.97996520996094,234.66506958007812
2022-12-21,3.4967045988862537,133.07469177246094,237.21743774414062
2022-12-22,3.5107947150135033,129.91114807128906,231.16159057617188
2022-12-23,3.4421507003244187,129.54766845703125,231.6856231689453
2022-12-26,3.4630809558566398,129.54766845703125,231.6856231689453
2022-12-27,3.45694244723731,127.74977111816406,229.9678955078125
2022-12-28,3.500052027168465,123.8297348022461,227.6095733642578
2022-12-29,3.478694605618898,127.33715057373047,233.89837646484375
2022-12-30,3.5238006919539657,127.6514892578125,232.74351501464844
2023-01-02,3.5730570241414625,127.6514892578125,232.74351501464844
2023-01-03,3.5887485445649645,122.87675476074219,232.5105743408203
2023-01-04,3.5857038964217054,124.14411926269531,222.3397979736328
2023-01-05,3.6396189341526224,122.82762145996094,215.75013732910156
2023-01-06,3.610743380800045,127.34696960449219,218.2928009033203
2023-01-09,3.732905547712676,127.86767578125,220.418212890625
2023-01-10,3.7380528869422847,128.4375,222.09716796875
2023-01-11,3.7741638758214435,131.14910888671875,228.81298828125
2023-01-12,3.7893701708783283,131.07049560546875,231.47213745117188
2023-01-13,3.858944893065427,132.3967742919922,232.17091369628906
2023-01-16,3.9054915428059758,132.3967742919922,232.17091369628906
2023-01-17,3.933274443369811,133.55613708496094,233.25782775878906
2023-01-18,3.9170453095875075,132.8389434814453,228.851806640625
2023-01-19,3.8834515181033566,132.89788818359375,225.0863037109375
2023-01-20,3.9279480715595128,135.45225524902344,233.13168334960938
2023-01-23,4.082068045897813,138.63543701171875,235.42201232910156
2023-01-24,4.053874070571339,140.03057861328125,234.89794921875
2023-01-25,3.9956459999846743,139.37229919433594,233.51016235351562
2023-01-26,4.158386377711736,141.4355010986328,240.68211364746094
2023-01-27,4.146914611194006,143.37091064453125,240.83737182617188
2023-01-30,4.171734855102443,140.4923095703125,235.54820251464844
2023-01-31,4.159939218576085,141.75967407226562,240.49769592285156
2023-02-01,4.247224276358168,142.87969970703125,245.2919464111328
2023-02-02,4.3668596792656444,148.1752166748047,256.79229736328125
2023-02-03,4.213515025326387,151.79063415527344,250.72671508789062
2023-02-06,4.225528233600102,149.06919860839844,249.1933135986328
2023-02-07,4.231339970958743,151.93800354003906,259.6649169921875
2023-02-08,4.408876539300877,149.255859375,258.85943603515625
2023-02-09,4.575202745038837,148.22433471679688,255.84120178222656
2023-02-10,4.565659187677284,148.58836364746094,255.3365478515625
2023-02-13,4.624870259136287,151.3828582763672,263.31396484375
2023-02-14,4.498138403988378,150.74325561523438,264.138916015625
2023-02-15,4.384821065756682,152.83912658691406,262.0276184082031
2023-02-16,4.409308278085518,151.24508666992188,255.05178833007812
2023-02-17,4.493613712863294,150.10366821289062,251.07254028320312
2023-02-20,4.7578531872039775,150.10366821289062,251.07254028320312
2023-02-21,4.806043490907825,146.0989532470703,245.82850646972656
2023-02-22,4.632529846032924,146.5220184326172,244.6999053955078
2023-02-23,4.827619291377346,147.00418090820312,247.8716583251953
2023-02-24,4.824088975328664,144.3573455810547,242.47190856933594
2023-02-27,4.804384103365578,145.5479278564453,243.386474609375
2023-02-28,4.961126675071455,145.0460968017578,242.66648864746094
2023-03-01,5.053514875748419,142.97979736328125,239.60177612304688
2023-03-02,4.9862389031872,143.57015991210938,244.3107147216797
2023-03-03,5.011865505275637,148.60804748535156,248.3775177001953
2023-03-06,4.902520868115062,151.36314392089844,249.914794921875
2023-03-07,4.761468934766526,149.16891479492188,247.26841735839844
2023-03-08,4.510311099771798,150.41854858398438,246.8306121826172
2023-03-09,4.514439854938132,148.17514038085938,245.48797607421875
2023-03-10,4.260580650650297,146.1186065673828,241.8589630126953
2023-03-13,4.460625248653741,148.0570526123047,247.04461669921875
2023-03-14,4.58575119611379,150.1430206298828,253.72865295410156
2023-03-15,4.395723312671805,150.53663635253906,258.2527160644531
2023-03-16,4.387942845971736,153.3507843017578,268.72137451171875
2023-03-17,4.147897555307651,152.514404296875,271.8638916015625
2023-03-20,4.252320253143779,154.8759002685547,264.8588562011719
2023-03-21,4.387508691093387,156.72573852539062,266.3668518066406
2023-03-22,4.3245176450511735,155.29901123046875,264.9172668457031
2023-03-23,4.435990278694476,156.38136291503906,270.1418762207031
2023-03-24,4.157767680053297,157.68020629882812,272.97308349609375
2023-03-27,4.192991144084232,155.74176025390625,268.89654541015625
2023-03-28,4.156562398526262,155.12191772460938,267.77764892578125
2023-03-29,4.220677600097446,158.19186401367188,272.9146728515625
2023-03-30,4.264368026619536,159.75636291503906,276.3588562011719
2023-03-31,4.299905911533415,162.25563049316406,280.49371337890625
2023-04-03,4.326666609285041,163.5052490234375,279.4527587890625
2023-04-04,4.405909937277102,162.9739227294922,279.404052734375
2023-04-05,4.447462548334727,161.1339111328125,276.6408996582031
2023-04-06,4.422505377099242,162.0194854736328,283.7043762207031
2023-04-07,4.429314858267617,162.0194854736328,283.7043762207031
2023-04-10,4.426656438366763,159.43165588378906,281.55426025390625
2023-04-11,4.506510248233212,158.2213592529297,275.1718444824219
2023-04-12,4.540931708488699,157.53262329101562,275.8139953613281
2023-04-13,4.599455231515833,162.90504455566406,281.9920349121094
2023-04-14,4.622335427484529,162.5606689453125,278.3922424316406
2023-04-17,4.5938964335235255,162.58035278320312,280.98016357421875
2023-04-18,4.682025804831994,163.8004608154297,280.56182861328125
2023-04-19,4.666662801629741,164.94187927246094,280.63970947265625
2023-04-20,4.682884525368479,163.97756958007812,278.3630676269531
2023-04-21,4.709287380684202,162.37371826171875,278.0225524902344
2023-04-24,4.671904776580618,162.67877197265625,274.1405029296875
2023-04-25,4.487795418832491,161.1437530517578,267.9624938964844
2023-04-26,4.617584385386522,161.1339111328125,287.3722839355469
2023-04-27,4.7069795243330645,165.7093505859375,296.57611083984375
2023-04-28,4.612901620920468,166.95895385742188,298.94036865234375
2023-05-01,4.604063471063796,166.8704071044922,297.286376953125
2023-05-02,4.581802683952844,165.83726501464844,297.14044189453125
2023-05-03,4.608920101915942,164.76473999023438,296.15777587890625
2023-05-04,4.677143598690691,163.13134765625,297.14044189453125
2023-05-05,4.826902428397602,170.78662109375,302.238525390625
2023-05-08,5.060265533655183,170.7177276611328,300.2927551269531
2023-05-09,5.092596782597127,169.0154571533203,298.6873779296875
2023-05-10,5.108975166523464,170.77676391601562,303.8536682128906
2023-05-11,5.01336275928827,170.96368408203125,301.7131652832031
2023-05-12,4.967061891678327,170.0375213623047,300.6040954589844
2023-05-15,4.917025396912891,169.54483032226562,301.080810546875
2023-05-16,5.175938195187882,169.54483032226562,303.2990417480469
2023-05-17,5.160612556573994,170.15573120117188,306.16571044921875
2023-05-18,5.161020678875957,172.4811248779297,310.57293701171875
2023-05-19,5.0949248164452,172.58949279785156,310.39739990234375
2023-05-22,5.900185850978346,171.64358520507812,313.1665344238281
2023-05-23,5.691624380381995,169.04229736328125,307.39434814453125
2023-05-24,5.519756628784307,169.31820678710938,306.01947021484375
2023-05-25,5.6367667266289345,170.45138549804688,317.7882995605469
2023-05-26,5.791720243276075,172.8555145263672,324.5844421386719
2023-05-29,5.779623540177965,172.8555145263672,324.5844421386719
2023-05-30,5.657980855450205,174.6980743408203,322.9463195800781
2023-05-31,5.491508718983994,174.64883422851562,320.1966552734375
2023-06-01,5.39098815676482,177.4471435546875,324.2821044921875
2023-06-02,5.5056907412476335,178.29452514648438,327.03179931640625
2023-06-05,5.4738830489609995,176.94464111328125,327.55828857421875
2023-06-06,5.707409852889668,176.58006286621094,325.35467529296875
2023-06-07,5.768031561516295,175.21047973632812,315.3116455078125
2023-06-08,5.752315974475778,177.92007446289062,317.144775390625
2023-06-09,5.67861326089502,178.3043975830078,318.63653564453125
2023-06-12,5.623950169831005,181.0928497314453,323.5703430175781
2023-06-13,5.673920349787068,180.61988830566406,325.9494934082031
2023-06-14,5.75824770657232,181.25051879882812,328.9233703613281
2023-06-15,5.744819820843588,183.28025817871094,339.41497802734375
2023-06-16,5.669949913335756,182.20628356933594,333.7889099121094
2023-06-19,5.656381045388116,182.20628356933594,333.7889099121094
2023-06-20,5.560442620945821,182.29495239257812,329.6156311035156
2023-06-21,5.587339227070117,181.26036071777344,325.2376708984375
2023-06-22,5.568071335412128,184.25575256347656,331.2342224121094
2023-06-23,5.456245068174326,183.94044494628906,326.6612854003906
2023-06-26,5.357117378494536,182.55113220214844,320.4014587402344
2023-06-27,5.4475350757059005,185.30020141601562,326.2225646972656
2023-06-28,5.584930748322279,186.4727325439453,327.4705505371094
2023-06-29,5.825754772762025,186.8077392578125,326.6905212402344
2023-06-30,5.708202513409788,191.12344360351562,332.0434875488281
2023-07-03,5.8867368621797596,189.63560485839844,329.5571594238281
2023-07-04,5.833919722941005,189.63560485839844,329.5571594238281
2023-07-05,5.799665706173869,188.522216796875,329.7131652832031
2023-07-06,5.69644536465853,188.9951629638672,332.75531005859375
2023-07-07,5.716233418207594,187.88172912597656,328.8063659667969
2023-07-10,5.902898210776868,185.84210205078125,323.55084228515625
2023-07-11,6.165109203665224,185.31985473632812,324.17486572265625
2023-07-12,6.156055557553827,186.985107421875,328.7868957519531
2023-07-13,6.164099051521134,187.7437744140625,334.11065673828125
2023-07-14,6.118646913980342,187.89158630371094,336.6262512207031
2023-07-17,5.9427013525069015,191.14315795898438,337.10406494140625
2023-07-18,6.148156656959998,190.88699340820312,350.52069091796875
2023-07-19,6.161223088914994,192.2368621826172,346.2208251953125
2023-07-20,6.237205933089172,190.29580688476562,338.2156066894531
2023-07-21,6.101032616862767,189.12326049804688,335.19293212890625
2023-07-24,6.0985105608097,189.92132568359375,336.49945068359375
2023-07-25,6.183502150079221,190.77859497070312,342.2230529785156
2023-07-26,6.2114894666638065,191.6457061767578,329.3426513671875
2023-07-27,6.293632981913049,190.3844451904297,322.46856689453125
2023-07-28,6.169249281567318,192.95614624023438,329.9276428222656
2023-07-31,6.087846573605873,193.5670623779297,327.53887939453125
2023-08-01,6.014907508808392,192.73941040039062,327.9483337402344
2023-08-02,5.942851835225156,189.75384521484375,319.3288879394531
2023-08-03,6.062915544242742,188.3645477294922,318.5098571777344
2023-08-04,6.221606264791831,179.31927490234375,319.6018981933594
2023-08-07,6.229277766807172,176.225341796875,321.8737487792969
2023-08-08,6.190726094284514,177.1614227294922,317.9150390625
2023-08-09,6.156160491643732,175.5750274658203,314.19036865234375
2023-08-10,6.1415241495145665,175.35826110839844,314.8728942871094
2023-08-11,5.895752575523261,175.41744995117188,313.0008850097656
2023-08-14,5.9645715572369795,177.065185546875,315.9552001953125
2023-08-15,5.945765346673966,175.0819854736328,313.82958984375
2023-08-16,6.011910415582861,174.2137451171875,313.0674133300781
2023-08-17,6.005355595319202,171.67800903320312,309.62811279296875
2023-08-18,5.947666390415179,172.16151428222656,309.2371826171875
2023-08-21,6.140061394872305,173.49349975585938,314.51361083984375
2023-08-22,6.22982061897801,174.86489868164062,315.0802917480469
2023-08-23,6.150535464922484,178.70301818847656,319.5163879394531
2023-08-24,6.178615864764993,174.02627563476562,312.6473388671875
2023-08-25,6.053073411828564,176.22654724121094,315.58843994140625
2023-08-28,6.116861839875128,177.7854461669922,316.29193115234375
2023-08-29,6.069792872690414,181.66299438476562,320.8941955566406
2023-08-30,6.126869615071655,185.1458740234375,321.26544189453125
2023-08-31,6.0507000346106565,185.36293029785156,320.259033203125
2023-09-01,5.8353015029534845,186.9317169189453,321.138427734375
2023-09-04,5.513403877904523,186.9317169189453,321.138427734375
2023-09-05,5.581962867826178,187.1685028076172,325.9165344238281
2023-09-06,5.48797419210382,180.4691162109375,325.2618713378906
2023-09-07,5.428319170598286,175.19052124023438,322.3598327636719
2023-09-08,5.605591103858785,175.80223083496094,326.6199951171875
2023-09-11,5.4384727186939585,176.9665069580078,330.2060241699219
2023-09-12,5.462430428937637,173.94732666015625,324.17724609375
2023-09-13,5.302638140664953,171.88522338867188,328.3690490722656
2023-09-14,5.384149264064774,173.3948211669922,330.94866943359375
2023-09-15,5.502495506482205,172.67454528808594,322.6627197265625
2023-09-18,5.458349428497797,175.5950469970703,321.52923583984375
2023-09-19,5.182205724274581,176.6803741455078,321.128662109375
2023-09-20,5.014979129231506,173.1481475830078,313.428955078125
2023-09-21,5.057741219577565,171.6089324951172,312.21734619140625
2023-09-22,5.182169482981465,172.4574737548828,309.7550048828125
2023-09-25,5.250971993686619,173.7303009033203,310.27288818359375
2023-09-26,5.222941267531326,169.66526794433594,304.9964599609375
2023-09-27,5.101989907893767,168.1556854248047,305.6316223144531
2023-09-28,4.93941647604953,168.4122314453125,306.4621887207031
2023-09-29,4.97560290648255,168.92527770996094,308.52386474609375
2023-10-02,4.861348037727794,171.43138122558594,314.4354248046875
2023-10-03,4.641259271066247,170.09938049316406,306.2179260253906
2023-10-04,4.761307836458286,171.3425750732422,311.6604309082031
2023-10-05,4.708527594138445,172.57589721679688,312.0512390136719
2023-10-06,4.711370033213598,175.12149047851562,319.7704772949219
2023-10-09,4.6283921239270285,176.60145568847656,322.2718811035156
2023-10-10,4.946011423067603,176.00942993164062,320.8746032714844
2023-10-11,5.036710178287194,177.40065002441406,324.8124084472656
2023-10-12,5.089078830842936,178.2985076904297,323.58123779296875
2023-10-13,5.026697195829001,176.46331787109375,320.229736328125
2023-10-16,5.058434519684624,176.3350372314453,325.02734375
2023-10-17,4.98107965446178,174.78598022460938,324.4605712890625
2023-10-18,5.073869776447282,173.49349975585938,322.5552062988281
2023-10-19,5.020108403843437,173.1185302734375,323.7375183105469
2023-10-20,5.10833193143543,170.572998046875,319.1940002441406
2023-10-23,5.100666784079976,170.69137573242188,321.7832946777344
2023-10-24,5.289742754167833,171.12548828125,322.96563720703125
2023-10-25,5.228505862652355,168.81675720214844,332.87359619140625
2023-10-26,5.1363347838475875,164.66290283203125,320.3860778808594
2023-10-27,5.079062292234767,165.97518920898438,322.26214599609375
2023-10-30,5.053870182423793,168.0175018310547,329.59051513671875
2023-10-31,5.056557831537759,168.49114990234375,330.37213134765625
2023-11-01,5.005843176853432,171.64842224121094,338.1499328613281
2023-11-02,5.16650679080476,175.2003936767578,340.3485412597656
2023-11-03,5.1521655153663914,174.2926788330078,344.7259216308594
2023-11-06,5.311158607632819,176.83824157714844,348.3705749511719
2023-11-07,5.201880655940272,179.39369201660156,352.2790222167969
2023-11-08,5.1933040365629495,180.4494171142578,354.887939453125
2023-11-09,5.207815195584203,179.97581481933594,352.4354553222656
2023-11-10,5.119227446051809,184.15484619140625,361.20989990234375
2023-11-13,5.169669796600999,182.57412719726562,358.28826904296875
2023-11-14,5.475523142624638,185.18235778808594,361.7962341308594
2023-11-15,5.51784137343293,185.74546813964844,361.9430236816406
2023-11-16,5.534529085444262,187.4250030517578,368.3071594238281
2023-11-17,5.859644263823952,187.4052276611328,362.11932373046875
2023-11-20,6.003862248532641,189.14401245117188,369.55059814453125
2023-11-21,6.073566205281395,188.3437957763672,365.27197265625
2023-11-22,5.971498611264451,189.00572204589844,369.95208740234375
2023-11-23,5.99304916489217,189.00572204589844,369.95208740234375
2023-11-24,5.943820212655737,187.6818389892578,369.5408020019531
2023-11-27,5.862047530830637,187.5040283203125,370.6961364746094
2023-11-28,5.960618557915041,188.10665893554688,374.70068359375
2023-11-29,6.019476008561924,187.08909606933594,370.93109130859375
2023-11-30,6.0812178925591525,187.662109375,370.9898681640625
2023-12-01,5.928365156660902,188.93655395507812,366.6818542480469
2023-12-04,5.8205804187135755,187.14834594726562,361.42413330078125
2023-12-05,5.831886931692736,191.0902862548828,364.7334289550781
2023-12-06,5.9033701333501085,190.0035400390625,361.0911865234375
2023-12-07,5.698669172315931,191.9300537109375,363.1962585449219
2023-12-08,5.670248922171027,193.3527374267578,366.4076843261719
2023-12-11,5.669687769622783,190.85317993164062,363.5389099121094
2023-12-12,5.860068665086374,192.36477661132812,366.5545959472656
2023-12-13,5.999467395176055,195.5756378173828,366.5447692871094
2023-12-14,6.030772374678008,195.7238006591797,358.28118896484375
2023-12-15,6.041819924762876,195.19032287597656,362.9808349609375
2023-12-18,6.130021535865922,193.5305633544922,364.8606872558594
2023-12-19,6.225111218182803,194.56788635253906,365.4580078125
2023-12-20,6.257717817536957,192.48333740234375,362.8731689453125
2023-12-21,6.237580365462804,192.33511352539062,365.73211669921875
2023-12-22,6.116699819006612,191.26812744140625,366.7503967285156
2023-12-25,6.128030674866807,191.26812744140625,366.7503967285156
2023-12-26,6.1245187256815825,190.72476196289062,366.8287048339844
2023-12-27,6.256012196823235,190.82354736328125,366.2510681152344
2023-12-28,6.114842919835155,191.24838256835938,367.435791015625
2023-12-29,6.1413951349532,190.21102905273438,368.17987060546875
2024-01-01,6.1345371668139705,190.21102905273438,368.17987060546875
2024-01-02,6.222434684452992,183.40402221679688,363.117919921875
2024-01-03,6.02297924284494,182.03074645996094,362.853515625
2024-01-04,6.190724728939358,179.7189483642578,360.2491455078125
2024-01-05,6.228879641694334,178.99774169921875,360.0631408691406
2024-01-08,6.3205445313000155,183.32498168945312,366.8580627441406
2024-01-09,6.559808494657773,182.9100341796875,367.93511962890625
2024-01-10,6.5309027769999375,183.94740295410156,374.76922607421875
2024-01-11,6.72488196517088,183.35459899902344,376.5903015136719
2024-01-12,6.7230564455002195,183.6806640625,380.3500671386719
2024-01-15,6.749332146090865,183.6806640625,380.3500671386719
2024-01-16,6.565874590840281,181.41822814941406,382.1124572753906
2024-01-17,6.573715508443456,180.47964477539062,381.3291931152344
2024-01-18,6.685487866360518,186.35801696777344,385.6371765136719
2024-01-19,6.621914045791357,189.25270080566406,390.3369140625
2024-01-22,6.620311720673669,191.55462646484375,388.22198486328125
2024-01-23,6.574573439118012,192.82911682128906,390.5620422363281
2024-01-24,6.580237913422025,192.15731811523438,394.1455078125
2024-01-25,6.575503404274059,191.83126831054688,396.4072570800781
2024-01-26,6.558361132813275,190.1023406982422,395.4869079589844
2024-01-29,6.542836350483867,189.420654296875,401.1558532714844
2024-01-30,6.556492864218626,185.77508544921875,400.0495300292969
2024-01-31,6.724508444228491,182.17893981933594,389.2696228027344
2024-02-01,6.747678504833061,184.60931396484375,395.3400573730469
2024-02-02,6.835979852081209,183.61148071289062,402.6244812011719
2024-02-05,6.83356754810643,185.41944885253906,397.1709899902344
2024-02-06,6.860513069877641,187.0199432373047,397.0143127441406
2024-02-07,6.750762440489154,187.12863159179688,405.3953857421875
2024-02-08,6.853656759348951,186.05174255371094,405.4541015625
2024-02-09,6.769052877480647,186.8134307861328,411.7594909667969
2024-02-12,6.763158458459941,185.13174438476562,406.580078125
2024-02-13,6.737409694318899,183.04454040527344,397.8269348144531
2024-02-14,6.848948008428408,182.1641082763672,401.6721496582031
2024-02-15,6.7880576240900155,181.87725830078125,398.79803466796875
2024-02-16,6.804953864804702,180.34397888183594,396.34576416015625
2024-02-19,6.878523739888749,180.34397888183594,396.34576416015625
2024-02-20,6.8724450977828155,179.60203552246094,395.10003662109375
2024-02-21,6.896523211210308,180.35385131835938,394.50164794921875
2024-02-22,6.91451398879758,182.38172912597656,403.7908630371094
2024-02-23,6.923611450974363,180.5517120361328,402.5058288574219
2024-02-26,6.853201421899485,179.2063751220703,399.7593688964844
2024-02-27,6.8287275987086105,180.66049194335938,399.700439453125
2024-02-28,6.844010243294861,179.46356201171875,399.9358825683594
2024-02-29,6.926280408887692,178.80076599121094,405.7428894042969
2024-03-01,6.872244088843672,177.7225341796875,407.5673522949219
2024-03-04,6.953626614278846,173.2117156982422,406.99847412109375
2024-03-05,6.9252396710835455,168.28541564941406,394.9626770019531
2024-03-06,6.9908863287943745,167.29620361328125,394.413330078125
2024-03-07,6.7593230539755496,167.177490234375,401.3288269042969
2024-03-08,6.775250505892586,168.8888397216797,398.46453857421875
2024-03-11,6.664616162301172,170.88706970214844,396.7969970703125
2024-03-12,6.750122075079389,171.36184692382812,407.3515625
2024-03-13,6.747909302117023,169.28451538085938,407.1750183105469
2024-03-14,6.906008543357075,171.13436889648438,417.10174560546875
2024-03-15,6.931732309144991,170.7584686279297,408.46978759765625
2024-03-18,6.9312038684252,171.8465576171875,409.35260009765625
2024-03-19,7.002441247614968,174.18115234375,413.3645324707031
2024-03-20,7.148922227558273,176.74319458007812,417.11163330078125
2024-03-21,7.114582947025099,169.5219268798828,421.1725769042969
2024-03-22,7.0218166506123225,170.422119140625,420.5545654296875
2024-03-25,6.9863770136996095,169.00755310058594,414.78680419921875
2024-03-26,7.122857935214881,167.8798370361328,413.5998840332031
2024-03-27,7.013888556524307,171.44100952148438,413.3841552734375
2024-03-28,6.921474178155222,169.6307373046875,412.6876525878906
2024-03-29,6.909370079720247,169.6307373046875,412.6876525878906
2024-04-01,6.908252226589866,168.1963653564453,416.4642639160156
2024-04-02,6.743905765293164,167.0192108154297,413.3939514160156
2024-04-03,6.727488376912561,167.8204803466797,412.4228515625
2024-04-04,6.7691798322148315,166.99945068359375,409.9019775390625
2024-04-05,6.787492030802014,167.75125122070312,417.3960876464844
2024-04-08,6.945794189617573,166.6334228515625,416.4838562011719
2024-04-09,7.139572640670622,167.84024047851562,418.14154052734375
2024-04-10,7.171189933697747,165.97064208984375,415.1792297363281
2024-04-11,7.059429799831605,173.15232849121094,419.7600402832031
2024-04-12,6.977745746594621,174.64608764648438,413.8451843261719
2024-04-15,6.7734419883424835,170.8276824951172,405.7428894042969
2024-04-16,6.62327742022768,167.5533905029297,406.6648864746094
2024-04-17,6.603739665869398,166.18826293945312,403.97723388671875
2024-04-18,6.658014641363934,165.23861694335938,396.55181884765625
2024-04-19,6.661060653165123,163.22059631347656,391.5000915527344
2024-04-22,6.7920913710268,164.05154418945312,393.304931640625
2024-04-23,7.0600888814611835,165.10012817382812,399.7887878417969
2024-04-24,7.229392700653989,167.19728088378906,401.2503356933594
2024-04-25,7.13576319396941,168.05792236328125,391.4216613769531
2024-04-26,7.2881044809830655,167.47427368164062,398.5626525878906
2024-04-29,7.244318053248662,171.6289825439453,394.5703430175781
2024-04-30,7.146315339195326,168.49313354492188,381.8970031738281
2024-05-01,7.113537941808204,167.47427368164062,387.39990234375
2024-05-02,7.386671553922895,171.1640167236328,390.2445373535156
2024-05-03,7.3946003668925755,181.40240478515625,398.8961486816406
2024-05-06,7.4118624127799535,179.7504119873047,405.644775390625
2024-05-07,7.418326851031907,180.4329833984375,401.5249938964844
2024-05-08,7.719558680380942,180.76931762695312,402.7020568847656
2024-05-09,7.660105524081359,182.57957458496094,404.44805908203125
2024-05-10,7.706396615259905,181.32156372070312,406.8218994140625
2024-05-13,7.667351327041615,184.52108764648438,405.82135009765625
2024-05-14,7.769513946506834,185.6602020263672,408.60711669921875
2024-05-15,8.10899797075399,187.92860412597656,415.75115966796875
2024-05-16,8.021329706209428,188.04745483398438,413.6974182128906
2024-05-17,8.108654550900951,188.07717895507812,412.930908203125
2024-05-20,8.17386759275962,189.23611450195312,417.9720153808594
2024-05-21,8.095794256429599,190.53378295898438,421.60797119140625
2024-05-22,8.005392677075918,189.09744262695312,423.06231689453125
2024-05-23,7.935548178438694,185.11541748046875,419.6033020019531
2024-05-24,7.913013305438312,188.18612670898438,422.70855712890625
2024-05-27,8.124233692346081,188.18612670898438,422.70855712890625
2024-05-28,8.03909621175876,188.196044921875,422.86578369140625
2024-05-29,7.769381826283848,188.49319458007812,421.7357177734375
2024-05-30,7.737358405345674,189.48374938964844,407.48687744140625
2024-05-31,7.627601326903971,190.4346923828125,407.9389343261719
2024-06-03,7.754907172519552,192.19789123535156,406.3568115234375
2024-06-04,7.560880594903779,192.51487731933594,408.8626403808594
2024-06-05,7.593108537237754,194.02052307128906,416.66510009765625
2024-06-06,7.699267289370539,192.64364624023438,417.166259765625
2024-06-07,7.942087170262312,195.0308837890625,416.5078430175781
2024-06-10,7.9206076603846896,191.29649353027344,420.4582214355469
2024-06-11,7.873780524759468,205.19400024414062,425.18487548828125
2024-06-12,7.746370063803965,211.05812072753906,433.4197692871094
2024-06-13,7.610023320706318,212.2170867919922,433.9306945800781
2024-06-14,7.474355985866055,210.48358154296875,434.9035949707031
2024-06-17,7.407298753408327,214.62413024902344,440.60308837890625
2024-06-18,7.674612749593166,212.26658630371094,438.6082763671875
2024-06-19,7.762948376702752,212.26658630371094,438.6082763671875
2024-06-20,7.665296155067381,207.7001495361328,437.9793701171875
2024-06-21,7.574569897082597,205.5308074951172,441.9886779785156
2024-06-24,7.561374345023637,206.17466735839844,439.9152526855469
2024-06-25,7.403830048928683,207.09591674804688,443.1383972167969
2024-06-26,7.2065005210947675,211.2364044189453,444.3274841308594
2024-06-27,7.348691927425932,212.0784149169922,445.0054931640625
2024-06-28,7.353094220478397,208.63124084472656,439.20770263671875
2024-07-01,7.523006509263894,214.703369140625,448.8183288574219
2024-07-02,7.291295542913417,218.1901397705078,451.3240661621094
2024-07-03,7.376726200213966,219.45803833007812,452.788330078125
2024-07-04,7.5674956764027,219.45803833007812,452.788330078125
2024-07-05,7.690309638374117,224.20281982421875,459.460693359375
2024-07-08,7.6591965163271425,225.66885375976562,458.1635437011719
2024-07-09,7.538471902182664,226.5207061767578,451.5796203613281
2024-07-10,7.498600787420173,230.78012084960938,458.17340087890625
2024-07-11,7.62993661722021,225.4212188720703,446.82342529296875
2024-07-12,7.548386778648762,228.36312866210938,445.6933898925781
2024-07-15,7.655207877221528,232.1867218017578,446.0962829589844
2024-07-16,7.693400761623877,232.60276794433594,441.73321533203125
2024-07-17,7.644060077395807,226.71884155273438,435.8371276855469
2024-07-18,7.913687459032531,222.06320190429688,432.7417297363281
2024-07-19,7.981903634570074,222.1919708251953,429.53814697265625
2024-07-22,8.089769761171794,221.84527587890625,435.2671813964844
2024-07-23,8.117393469729336,222.88536071777344,437.14410400390625
2024-07-24,7.9925206297726845,216.47645568847656,421.4703369140625
2024-07-25,8.06269879660556,215.4364013671875,411.15228271484375
2024-07-26,8.069533969304075,215.90196228027344,417.90325927734375
2024-07-29,8.101652564858568,216.17930603027344,419.3379821777344
2024-07-30,7.982288188978487,216.7340087890625,415.5939636230469
2024-07-31,8.087484846177972,219.9830322265625,411.1031799316406
2024-08-01,7.9676091645605425,216.2981719970703,409.8846435546875
2024-08-02,7.638519704486271,217.78399658203125,401.41387939453125
2024-08-05,7.216763156728632,207.2940216064453,388.3049621582031
2024-08-06,7.281684467182004,205.2732696533203,392.687744140625
2024-08-07,7.484824400929142,207.8388214111328,391.5281982421875
2024-08-08,7.375302271056626,211.29586791992188,395.7144470214844
2024-08-09,7.427314784173973,214.1981964111328,398.9867248535156
2024-08-12,7.5568275289259645,215.72540283203125,399.7630310058594
2024-08-13,7.673194803735953,219.4344024658203,406.8383483886719
2024-08-14,8.034173203815442,219.8806610107422,409.638916015625
2024-08-15,8.046029890378179,222.8557586669922,414.4823913574219
2024-08-16,8.208670632366193,224.1747283935547,411.9622497558594
2024-08-19,8.249800661970994,224.0160675048828,414.9746398925781
2024-08-20,8.1322606632246,224.6309356689453,418.1938171386719
2024-08-21,8.291939941164173,224.52182006835938,417.5440673828125
2024-08-22,8.384378093338967,222.6673583984375,409.08758544921875
2024-08-23,8.32081935822714,224.95816040039062,410.3083801269531
2024-08-26,8.266512140598934,225.29534912109375,407.0596923828125
2024-08-27,8.255521752284949,226.13829040527344,407.40423583984375
2024-08-28,8.112777384039873,224.611083984375,404.2146301269531
2024-08-29,8.031248921700978,227.8837127685547,406.6954650878906
2024-08-30,8.027727404356199,227.1002655029297,410.6529541015625
2024-09-02,8.1241248930084,227.1002655029297,410.6529541015625
2024-09-03,8.053004519070157,220.9219207763672,403.07269287109375
2024-09-04,7.886676307380014,219.0178680419922,402.5410461425781
2024-09-05,7.856099534503983,220.53517150878906,402.03900146484375
2024-09-06,7.775392903108241,218.98812866210938,395.45306396484375
2024-09-09,7.713690213482778,219.07737731933594,399.4105224609375
2024-09-10,7.68726426840351,218.2840118408203,407.7586669921875
2024-09-11,7.596484458629618,220.81285095214844,416.461181640625
2024-09-12,7.400717856910433,220.9219207763672,420.3595886230469
2024-09-13,7.462069298429071,220.65419006347656,423.8937683105469
2024-09-16,7.548927076247082,214.5254364013672,424.632080078125
2024-09-17,7.654889744261027,214.99154663085938,428.38287353515625
2024-09-18,7.521245735326374,218.8592071533203,424.1103515625
2024-09-19,7.47875319933155,226.9713134765625,431.8677673339844
2024-09-20,7.389038798925753,226.30690002441406,428.5010070800781
2024-09-23,7.717580418225225,224.59124755859375,426.76837158203125
2024-09-24,7.888517132155528,225.48377990722656,422.495849609375
2024-09-25,8.11001958362101,224.4920654296875,425.3901062011719
2024-09-26,8.01305147840975,225.63255310058594,424.6025390625
2024-09-27,8.083377338984974,225.90029907226562,421.36370849609375
2024-09-30,7.9050391288001265,231.0670623779297,423.60821533203125
2024-10-01,7.854836648494199,224.33340454101562,414.147705078125
2024-10-02,7.803561923796451,224.89866638183594,410.6430969238281
2024-10-03,7.69083439709425,223.7978973388672,410.062255859375
2024-10-04,7.873120214524306,224.9185028076172,409.5897216796875
2024-10-07,7.793147491338971,219.85089111328125,403.1711730957031
2024-10-08,7.674592738242211,223.8970489501953,408.2607116699219
2024-10-09,7.524824735153118,227.63577270507812,410.9679260253906
2024-10-10,7.488465755026198,227.13992309570312,409.3731384277344
2024-10-11,7.51022267404295,225.66229248046875,409.8457336425781
2024-10-14,7.319054670911953,229.38119506835938,412.6217956542969
2024-10-15,7.414811339289429,231.9100341796875,412.2279968261719
2024-10-16,7.38172647494747,229.85719299316406,409.6487731933594
2024-10-17,7.529296957623615,230.22412109375,410.23944091796875
2024-10-18,7.458538645877525,233.0504608154297,411.65704345703125
2024-10-21,7.459398424352628,234.51821899414062,412.2674255371094
2024-10-22,7.356716577030966,233.90335083007812,420.8616638183594
2024-10-23,7.290970774231482,228.84564208984375,417.9969177246094
2024-10-24,7.110681235198399,228.65724182128906,418.1248779296875
2024-10-25,7.039670356101851,229.49029541015625,421.49169921875
2024-10-28,7.021733065066655,231.4637451171875,419.95599365234375
2024-10-29,7.244303809506164,231.73150634765625,425.2326354980469
2024-10-30,7.173064799369968,228.19114685058594,425.80364990234375
2024-10-31,7.18860193061289,224.035888671875,400.0307312011719
2024-11-01,7.403165788857223,221.06077575683594,403.9881896972656
2024-11-04,7.329104269893492,220.16822814941406,402.1078796386719
2024-11-05,7.537320288494129,221.59629821777344,405.0612487792969
2024-11-06,7.651773956571219,220.87234497070312,413.6456298828125
2024-11-07,7.550427401503384,225.59286499023438,418.8139953613281
2024-11-08,7.480650757481328,225.3248291015625,415.96893310546875
2024-11-11,7.4388549217815125,222.61447143554688,411.5093994140625
2024-11-12,7.462784715146427,222.61447143554688,416.4513244628906
2024-11-13,7.178844710442718,223.49806213378906,418.5876159667969
2024-11-14,7.01860444668398,226.5757598876953,420.2513122558594
2024-11-15,6.895020266048846,223.37892150878906,408.5462341308594
2024-11-18,6.689582137089587,226.377197265625,409.29443359375
2024-11-19,6.720607481716456,226.63528442382812,411.2928466796875
2024-11-20,6.861670788784238,227.35012817382812,409.0285949707031
2024-11-21,6.841390049676363,226.87359619140625,407.2629089355469
2024-11-22,6.6834305966767715,228.21385192871094,411.3367919921875
2024-11-25,6.649572911867381,231.19223022460938,413.10247802734375
2024-11-26,6.730999539600589,233.366455078125,422.17755126953125
2024-11-27,6.583246043981319,233.2373809814453,417.2454528808594
2024-11-28,6.631852453030319,233.2373809814453,417.2454528808594
2024-11-29,6.491962142267425,235.62010192871094,417.7090759277344
2024-12-02,6.751222417491931,237.86383056640625,425.126953125
2024-12-03,6.971005804261097,240.90176391601562,425.343994140625
2024-12-04,6.9773800848179235,241.25917053222656,431.4794921875
2024-12-05,7.241314825133486,241.28895568847656,436.60888671875
2024-12-06,7.280767217255345,241.09039306640625,437.54595947265625
2024-12-09,7.54551857050285,244.9722442626953,439.962646484375
2024-12-10,7.532352391787299,245.98486328125,437.3092346191406
2024-12-11,7.506773346071782,244.714111328125,442.8923645019531
2024-12-12,7.526908320427026,246.1735382080078,443.45458984375
2024-12-13,7.580670153376445,246.34228515625,441.1957092285156
2024-12-16,7.48075115756086,249.23130798339844,445.45703125
2024-12-17,7.369582477743222,251.65374755859375,448.2880859375
2024-12-18,7.460397602402622,246.2628631591797,431.4499206542969
2024-12-19,7.422358472763733,247.9903106689453,431.09478759765625
2024-12-20,7.492147598682664,252.656494140625,430.6706237792969
2024-12-23,7.302837231791955,253.43087768554688,429.3389587402344
2024-12-24,7.283763022151106,256.33978271484375,433.3634948730469
2024-12-25,7.281490037897129,256.33978271484375,433.3634948730469
2024-12-26,7.2793705885560485,257.15380859375,432.1601257324219
2024-12-27,7.342038692986762,253.74853515625,424.6830749511719
2024-12-30,7.294479185878117,250.38294982910156,419.0604553222656
2024-12-31,7.349231722526156,248.6157684326172,415.77569580078125
2025-01-02,7.29943609096722,242.09312438964844,412.8953552246094
2025-01-03,7.346480593303113,241.6066436767578,417.6005554199219
2025-01-06,7.373054201168998,243.23484802246094,422.0394592285156
2025-01-07,7.6627645108293905,240.4649658203125,416.6338806152344
2025-01-08,7.548702321578958,240.951416015625,418.794189453125
2025-01-09,7.653633739214342,240.951416015625,418.794189453125
2025-01-10,7.642844694016389,235.14356994628906,413.2603759765625
2025-01-13,7.575046314830615,232.71121215820312,411.5242004394531
2025-01-14,7.590442951089699,231.59927368164062,410.02490234375
2025-01-15,7.723818878048405,236.1562042236328,420.5204162597656
2025-01-16,7.745524793470281,226.6154327392578,418.8138122558594
2025-01-17,7.912022179917926,228.3230743408203,423.2034606933594
2025-01-20,8.035290702825193,228.3230743408203,423.2034606933594
2025-01-21,8.141560635102678,221.03594970703125,422.68060302734375
2025-01-22,8.001477876450508,222.21737670898438,440.14031982421875
2025-01-23,8.014324747256296,222.048583984375,440.6433410644531
2025-01-24,8.182090030800907,221.17491149902344,438.029296875
2025-01-27,8.131881192818582,228.2039031982422,428.6583251953125
2025-01-28,8.089346571196074,236.5434112548828,441.1266784667969
2025-01-29,8.06733052912648,237.63546752929688,436.3227844238281
2025-01-30,8.060540398094531,235.87823486328125,409.3540954589844
2025-01-31,8.033167330286801,234.29966735839844,409.42315673828125
2025-02-03,7.698468837940936,226.3672332763672,405.3393859863281
2025-02-04,7.807769434274405,231.1227264404297,406.7696838378906
2025-02-05,7.842108095512685,230.7951202392578,407.6772155761719
2025-02-06,7.9400297952015535,231.53973388671875,410.1728515625
2025-02-07,7.984023010130954,225.98997497558594,404.18524169921875
2025-02-10,7.843389265001292,226.25833129882812,406.6217346191406
2025-02-11,7.769228663909189,231.19793701171875,405.852294921875
2025-02-12,7.931737885158441,235.42198181152344,403.48492431640625
2025-02-13,8.239864362137723,240.05349731445312,404.96453857421875
2025-02-14,8.117642977454125,243.10472106933594,402.8831787109375
2025-02-17,8.266671034775129,243.10472106933594,402.8831787109375
2025-02-18,8.358376839086986,242.97552490234375,404.0767822265625
2025-02-19,8.236379237266533,243.37307739257812,409.1370849609375
2025-02-20,8.186012712788397,244.32720947265625,411.30169677734375
2025-02-21,8.372425247868023,244.04893493652344,403.47357177734375
2025-02-24,8.10273780024346,245.5894317626953,399.3124084472656
2025-02-25,8.119316677129063,245.52978515625,393.283203125
2025-02-26,8.208776171171053,238.89065551757812,395.0919494628906
2025-02-27,8.335950386908735,235.84933471679688,387.9755554199219
2025-02-28,8.552873760523198,240.36158752441406,392.38372802734375
2025-03-03,8.568283545075246,236.57485961914062,383.9823913574219
2025-03-04,8.717726335618067,234.4877166748047,384.1009521484375
2025-03-05,9.10225839085706,234.2988739013672,396.3669738769531
2025-03-06,9.323739039399129,233.89138793945312,392.2849426269531
2025-03-07,9.329640755300943,237.6085205078125,388.7464599609375
2025-03-10,9.512620527750641,226.08937072753906,375.7490234375
2025-03-11,9.444093806419346,219.48995971679688,376.03570556640625
2025-03-12,9.86746677844394,215.65354919433594,378.82293701171875
2025-03-13,10.127272876825373,208.398193359375,374.3751525878906
2025-03-14,10.298973158108765,212.18490600585938,384.0515441894531
2025-03-17,10.23300031202723,212.69178771972656,384.19000244140625
2025-03-18,10.15287024900988,211.38978576660156,379.0700378417969
2025-03-19,9.969021943066991,213.92420959472656,383.3201599121094
2025-03-20,10.010292924065652,212.7911834716797,382.35150146484375
2025-03-21,9.719417575098078,216.93568420410156,386.72021484375
2025-03-24,9.990391000737873,219.38064575195312,388.51910400390625
2025-03-25,9.960710084129119,222.3822021484375,390.57501220703125
2025-03-26,10.194529964974208,220.1757354736328,385.4451904296875
2025-03-27,9.943615556643408,222.4815673828125,386.048095703125
2025-03-28,9.759176719132256,216.56793212890625,374.40478515625
2025-03-31,9.430599797099944,220.77207946777344,371.0343933105469
2025-04-01,9.484065926594099,221.82559204101562,377.7554931640625
2025-04-02,9.537654023760638,222.5213165283203,377.70611572265625
2025-04-03,9.329460778247267,201.9478759765625,368.78082275390625
2025-04-04,8.838104356054828,187.22842407226562,355.664794921875
2025-04-07,8.237762739959635,180.35069274902344,353.7077941894531
2025-04-08,8.642775783028753,171.36595153808594,350.4460754394531
2025-04-09,8.44526258091355,197.63438415527344,385.95916748046875
2025-04-10,8.582975199700286,189.2559356689453,376.92523193359375
2025-04-11,8.822607020958856,196.9386749267578,383.9429016113281
2025-04-14,9.113263385983487,201.28195190429688,383.3102722167969
2025-04-15,9.695952778413698,200.90428161621094,381.25439453125
2025-04-16,9.549569652540413,193.08241271972656,367.2982177734375
2025-04-17,9.561962168682271,195.7758026123047,363.51263427734375
2025-04-21,9.561962168682271,191.97918701171875,354.953125
2025-04-22,9.871568767196436,198.5189666748047,362.5638732910156
2025-04-23,10.172627817055513,203.34922790527344,370.0459899902344
2025-04-24,10.094799271531087,207.09619140625,382.8061828613281
2025-04-25,9.964665823431346,208.00064086914062,387.30340576171875
2025-04-28,9.924818526941863,208.8553924560547,386.6214294433594
2025-04-29,9.995192028251836,209.91883850097656,389.4679870605469
2025-04-30,9.759359538172248,211.2009735107422,390.673828125
2025-05-01,9.704207035631953,212.01596069335938,420.4641418457031
2025-05-02,9.956915156661807,204.09466552734375,430.2294921875
2025-05-05,10.114108120979836,197.67416381835938,431.1091613769531
2025-05-06,9.784032371073636,197.29647827148438,428.2823181152344
2025-05-07,9.882651186579665,195.05029296875,428.3218994140625
2025-05-08,9.869569008690405,196.28271484375,433.0859680175781
2025-05-09,10.141579134470703,197.3163299560547,433.6394348144531
2025-05-12,10.462256990712149,209.776123046875,444.0472717285156
2025-05-13,10.495915828769284,211.9058380126953,443.9287109375
2025-05-14,10.539780248919328,211.30873107910156,447.6845703125
2025-05-15,10.464196251975068,210.4329376220703,448.6946105957031
2025-05-16,10.520705760777673,210.24386596679688,449.82342529296875
2025-05-19,10.52103720672278,207.7758026123047,454.3784484863281
2025-05-20,10.719531043998813,205.8650360107422,453.685302734375
2025-05-21,10.97970801966278,201.1179656982422,448.1401062011719
2025-05-22,10.86505287079899,200.39151000976562,450.40765380859375
2025-05-23,10.510887036921304,194.33079528808594,445.7734680175781
2025-05-26,10.894478993533994,194.33079528808594,445.7734680175781
2025-05-27,11.066991679070156,199.2470245361328,456.1806335449219
2025-05-28,11.184297638373891,199.45599365234375,452.8831481933594
2025-05-29,11.082276207760515,198.98826599121094,454.1902770996094
2025-05-30,11.015206333004244,199.88394165039062,455.8537902832031
2025-06-02,10.980476965597973,200.72984313964844,457.44805908203125
2025-06-03,11.24735016395789,202.2923126220703,458.43829345703125
2025-06-04,11.256336945599173,201.84445190429688,459.3294677734375
2025-06-05,11.56840880311563,199.66500854492188,463.1021728515625
2025-06-06,11.633686814218777,202.93917846679688,465.7757568359375
2025-06-09,11.586971283111438,200.48106384277344,468.12255859375
2025-06-10,11.93756749361387,201.69520568847656,466.31048583984375
2025-06-11,12.057512115605505,197.82391357421875,467.99383544921875
2025-06-12,11.967073584018976,198.24188232421875,474.1826171875
2025-06-13,12.005769623634137,195.50509643554688,470.3109130859375
2025-06-16,12.071939098422035,197.46563720703125,474.45001220703125
2025-06-17,11.899545217678337,194.69898986816406,473.36077880859375
2025-06-18,11.828766658261998,195.6344757080078,475.5392761230469
2025-06-19,11.602471429171715,195.6344757080078,475.5392761230469
2025-06-20,11.970655750090941,200.03321838378906,472.7270202636719
2025-06-23,11.991482492515843,200.53082275390625,481.24285888671875
2025-06-24,12.601951520024159,199.33657836914062,485.3125915527344
2025-06-25,12.409466899291147,200.59051513671875,487.45147705078125
2025-06-26,12.379015309189754,200.03321838378906,492.5808410644531
2025-06-27,12.365476158411184,200.11282348632812,491.0855407714844
2025-06-30,12.227739341401048,204.1831512451172,492.5411682128906
2025-07-01,12.477248004457238,206.82041931152344,487.233642578125
2025-07-02,12.604667227310983,211.418212890625,486.28302001953125
2025-07-03,12.826228152039448,212.52285766601562,493.9571838378906
2025-07-04,12.522982769304463,212.52285766601562,493.9571838378906
2025-07-07,12.62360343915634,208.94015502929688,492.84814453125
2025-07-08,12.994270591001168,208.99989318847656,491.7588806152344
2025-07-09,13.212414855469888,210.1244354248047,498.58148193359375
2025-07-10,13.665977094678055,211.38836669921875,496.57135009765625
2025-07-11,13.458233616445796,210.1443634033203,498.3933410644531
2025-07-14,13.243296289480327,207.6165771484375,498.09625244140625
2025-07-15,13.174831709511636,208.10421752929688,500.8688659667969
2025-07-16,13.186534711243667,209.149169921875,500.6708068847656
2025-07-17,13.33077806478741,209.0098419189453,506.6913146972656
2025-07-18,13.335510343293663,210.1642608642578,505.0574645996094
2025-07-21,13.235460903152102,211.45799255371094,505.0673522949219
2025-07-22,13.122281940641187,213.36878967285156,500.32421875
2025-07-23,13.460544867358522,213.11996459960938,500.9183654785156
2025-07-24,13.806865132588086,212.73184204101562,505.87933349609375
2025-07-25,13.830875148636096,212.8512725830078,508.681640625
2025-07-28,13.384591451010579,213.0204620361328,507.48345947265625
2025-07-29,13.414497013416167,210.25381469726562,507.5527648925781
2025-07-30,13.244735035348754,208.04449462890625,508.21624755859375
2025-07-31,13.523454731486481,206.57162475585938,528.27783203125
2025-08-01,13.258352722346899,201.40658569335938,518.9797973632812
2025-08-04,13.999636973331235,202.3719482421875,530.39697265625
2025-08-05,14.275369988339662,201.94398498535156,522.5841674804688
2025-08-06,14.397455219135395,212.22430419921875,519.8016967773438
2025-08-07,14.68155997348299,218.9716796875,515.7418212890625
2025-08-08,14.625461416960661,228.2468719482422,516.9300537109375
2025-08-11,14.656800281425717,226.34388732910156,516.6627197265625
2025-08-12,14.619676062635563,228.80477905273438,524.0596313476562
2025-08-13,14.884541817307081,232.47125244140625,515.4844360351562
2025-08-14,15.08809218114368,231.92327880859375,517.3657836914062
2025-08-15,15.008808762488457,230.73765563964844,515.078369140625
2025-08-18,14.651688385903299,230.0402374267578,512.0384521484375
2025-08-19,14.5083312185252,229.71145629882812,504.7801818847656
2025-08-20,14.235246577077305,225.17819213867188,500.7698669433594
2025-08-21,14.280178944509316,224.072265625,500.1251220703125
2025-08-22,14.311013343116201,226.92173767089844,503.09075927734375
2025-08-25,14.407446017200527,226.323974609375,500.1449890136719
2025-08-26,13.870236772956787,228.46604919433594,497.9430847167969
2025-08-27,13.6263208874891,229.64170837402344,502.604736328125
2025-08-28,13.636320286205432,231.70408630371094,505.4810791015625
2025-08-29,13.30453221187122,231.28562927246094,502.5551452636719
2025-09-01,13.558209110833559,231.28562927246094,502.5551452636719
2025-09-02,13.614365421012735,228.87454223632812,500.9979248046875
2025-09-03,13.969637372737225,237.59234619140625,501.2260437011719
2025-09-04,13.819340880941013,238.89752197265625,503.82470703125
2025-09-05,13.730980311782332,238.80783081054688,490.9605407714844
2025-09-08,13.413832064308508,237.00450134277344,494.13446044921875
2025-09-09,13.551575960939772,233.4875030517578,494.34271240234375
2025-09-10,13.632870406398979,225.95533752441406,496.2867126464844
2025-09-11,13.825216317905642,229.1833953857422,496.9215087890625
2025-09-12,13.992129273690352,233.2085418701172,505.73895263671875
2025-09-15,13.829873597074766,235.828857421875,511.1543884277344
2025-09-16,13.613312529698078,237.2735137939453,504.8859558105469
2025-09-17,13.543615744801514,238.11044311523438,505.85797119140625
2025-09-18,13.606057882878304,237.00450134277344,504.30078125
2025-09-19,13.28734935535067,244.59645080566406,513.7034301757812
2025-09-22,13.55971442462942,255.13751220703125,510.2518310546875
2025-09-23,13.97464957921693,253.49359130859375,505.0744323730469
2025-09-24,13.9563759686489,251.38140869140625,505.9869079589844
2025-09-25,13.738241651954013,255.9246368408203,502.8923645019531
2025-09-26,13.55259943708188,254.51980590820312,507.28619384765625
2025-09-29,13.864698423636582,253.49359130859375,510.40057373046875
2025-09-30,13.965599475219278,253.69287109375,513.7232666015625
2025-10-01,14.45668803112676,254.50985717773438,515.4688720703125
2025-10-02,14.454482392724913,256.18365478515625,511.53131103515625
2025-10-03,14.940155902628021,257.07037353515625,513.1281127929688
2025-10-06,14.737998353563171,255.7452850341797,524.256591796875
2025-10-07,15.000179460063578,255.5360565185547,519.7040405273438
2025-10-08,15.3159577355882,257.1102600097656,520.5669555664062
2025-10-09,15.526977951394429,253.1050262451172,518.136962890625
2025-10-10,15.517468145012572,244.3673095703125,506.790283203125
2025-10-13,15.28087715164611,246.74850463867188,509.8551025390625
2025-10-14,15.234038202214151,246.8581085205078,509.37896728515625
2025-10-15,15.258358818030388,248.42233276367188,509.24017333984375
2025-10-16,14.91264004156676,246.53929138183594,507.4349670410156
2025-10-17,14.597889750645322,251.36146545410156,509.3889465332031
2025-10-20,14.926895333887842,261.27484130859375,512.57275390625
2025-10-21,15.168054083943389,261.80291748046875,513.4356079101562
2025-10-22,15.255880216754122,257.4988098144531,516.2920532226562
2025-10-23,14.813876411918727,258.6246337890625,516.3119506835938
2025-10-24,14.23327695957812,261.85272216796875,519.3370971679688
2025-10-27,14.21080200006918,267.8206787109375,527.1825561523438
2025-10-28,14.23530767172474,268.0099792480469,537.6463623046875
2025-10-29,14.52336626601982,268.7073974609375,537.130615234375
2025-10-30,14.165005849684462,270.401123046875,521.4695434570312
2025-10-31,14.199720043970729,269.37493896484375,513.5843505859375
2025-11-03,14.533663111840497,268.05975341796875,512.8107299804688
2025-11-04,14.516901090125089,269.0461730957031,510.1327819824219
2025-11-05,14.574070449093142,269.14581298828125,503.0213317871094
2025-11-06,13.946338480963618,268.7771301269531,493.04339599609375
2025-11-07,13.943246531051955,267.48193359375,492.76568603515625
2025-11-10,14.367842441600487,268.6986083984375,501.87078857421875
2025-11-11,14.441079392422694,274.5028076171875,504.5289001464844
2025-11-12,14.87067994228346,272.7276611328125,506.96881103515625
2025-11-13,14.973277991014129,272.2090759277344,499.1828918457031
2025-11-14,14.899261251332518,271.6705017089844,506.01666259765625
2025-11-17,14.912125373023173,266.73394775390625,503.3486022949219
2025-11-18,14.323729234240318,266.7140197753906,489.76043701171875
2025-11-19,14.527764699373165,267.8309631347656,483.1448669433594
2025-11-20,14.703166473867668,265.5272521972656,475.4139099121094
2025-11-21,14.746233973037306,270.75299072265625,469.1436462402344
2025-11-24,14.677953248404378,275.1709899902344,471.0118408203125
2025-11-25,14.857551103455762,276.2181701660156,473.9829406738281
2025-11-26,15.419637640617225,276.79656982421875,482.4393005371094
2025-11-27,15.395466462209697,276.79656982421875,482.4393005371094
2025-11-28,15.346958567811384,278.0930480957031,488.9082946777344
2025-12-01,15.462791252975876,282.3315124511719,483.6714782714844
2025-12-02,15.573428781584425,285.4131164550781,486.91094970703125
2025-12-03,15.241630142186864,283.378662109375,474.7182922363281
2025-12-04,15.378418436596803,279.9380187988281,477.8086853027344
2025-12-05,15.586342203492677,278.0232238769531,480.11407470703125
2025-12-08,15.548671908392862,277.1356506347656,487.9245300292969
2025-12-09,15.310712794132542,276.42755126953125,488.9181823730469
2025-12-10,15.21937047596839,278.0232238769531,475.5430603027344
2025-12-11,15.64164687865582,277.2752685546875,480.422119140625
2025-12-12,15.577646364865132,277.52459716796875,475.51324462890625
2025-12-15,15.287690087010787,273.3658752441406,471.82666015625
2025-12-16,15.125476396560316,273.8645324707031,473.38677978515625
2025-12-17,15.176474897464232,271.10205078125,473.1184387207031
2025-12-18,15.213239275722685,271.4511413574219,480.92889404296875
2025-12-19,15.421483050834013,272.9271240234375,482.8566589355469
2025-12-22,15.513114969186745,270.23443603515625,481.8630065917969
2025-12-23,15.382217800060971,271.62066650390625,483.78082275390625
2025-12-24,15.420866615913837,273.06671142578125,484.94342041015625
2025-12-26,15.407597693047137,272.6578369140625,484.6354064941406
2025-12-29,15.246873012838819,273.0168762207031,484.02923583984375
2025-12-30,15.195133234849209,272.3387145996094,484.4068603515625
2025-12-31,14.966395151297775,271.12200927734375,480.5711669921875
2026-01-02,15.862908330685514,270.2743225097656,469.95849609375
2026-01-05,15.72651988124494,266.5345153808594,469.86907958984375
2026-01-06,15.7403378254171,261.6477966308594,475.493408203125
2026-01-07,15.864830430384245,259.623291015625,480.422119140625
2026-01-08,16.63886986186435,258.3368225097656,475.09588623046875
2026-01-09,16.22345898525964,258.6659240722656,476.2585144042969
2026-01-12,16.175936568470206,259.5435485839844,474.1717529296875
2026-01-13,16.33333054003276,260.34136962890625,467.70281982421875
2026-01-14,16.70415290862138,259.2543029785156,456.4840087890625
2026-01-15,17.13761317518106,257.5090637207031,453.7811584472656
2026-01-16,16.946176636625296,254.8363494873047,456.9609680175781
2026-01-19,17.44222058875812,254.8363494873047,456.9609680175781
2026-01-20,16.858983698124575,246.0303192138672,451.65460205078125
2026-01-21,16.912794055179234,246.9777374267578,441.3102111816406
2026-01-22,16.95946593738836,247.67584228515625,448.2959289550781
2026-01-23,17.04928025769209,247.36666870117188,463.0125732421875
2026-01-26,17.188281875234566,254.7166748046875,467.31524658203125
2026-01-27,18.36087352284926,257.5688781738281,477.55035400390625
2026-01-28,18.43188300519489,255.743896484375,478.59368896484375
2026-01-29,17.895320036217527,257.5788879394531,430.76715087890625
2026-01-30,17.490351876298064,258.775634765625,427.5773620605469
2026-02-02,17.813525195589932,269.2770690917969,420.7010192871094
2026-02-03,18.044071248212163,268.7485046386719,408.6176452636719
2026-02-04,18.198103236292013,275.7394104003906,411.5788879394531
2026-02-05,17.730482654687876,275.1610412597656,391.188232421875
2026-02-06,17.602432160480248,277.364990234375,398.61114501953125
2026-02-09,17.274199964007266,274.13079833984375,410.9925842285156
2026-02-10,17.645190274304696,273.19244384765625,410.6646728515625
2026-02-11,17.559704630605665,275.00921630859375,401.82073974609375
2026-02-12,17.43493622993924,261.2637939453125,399.30670166015625
2026-02-13,16.935244516373473,255.32435607910156,398.7900085449219
2026-02-16,16.747752784425074,255.32435607910156,398.7900085449219
2026-02-17,16.258417709329933,263.4099426269531,394.3581237792969
2026-02-18,17.19032243891411,263.8791198730469,397.0808410644531
2026-02-19,16.631017159631938,260.11578369140625,396.8517761230469
2026-02-20,16.487881024808644,264.1086730957031,395.6267395019531
2026-02-23,16.579787403151727,265.705810546875,382.918212890625
2026-02-24,15.834779413905608,271.6552429199219,387.4299621582031
2026-02-25,16.092523361527356,273.74151611328125,398.9831237792969
2026-02-26,16.621837445126857,272.4637756347656,400.0986022949219
2026-02-27,15.945435852631817,263.7093811035156,391.15484619140625
2026-03-02,15.373717834672789,264.2484130859375,396.9413757324219
2026-03-03,14.272173886051291,263.2801818847656,402.2996826171875
2026-03-04,15.101607830059947,262.0523376464844,403.5645751953125
2026-03-05,15.331560631478169,259.8263244628906,409.0224304199219
2026-03-06,14.732135597857337,257.0013427734375,407.30938720703125
2026-03-09,14.635799214951362,259.41705322265625,407.757568359375
2026-03-10,15.654585709260573,260.3653564453125,404.122314453125
2026-03-11,15.49296627964759,260.3453674316406,403.245849609375
2026-03-12,14.598920667034236,255.30438232421875,400.238037109375
2026-03-13,14.334550824601138,249.6744384765625,393.9534912109375
2026-03-16,14.154014379542787,252.36964416503906,398.33575439453125
2026-03-17,14.470434600832277,253.77711486816406,397.79791259765625
2026-03-18,14.37367915081336,249.49476623535156,390.2087097167969
2026-03-19,14.100479457336405,248.5165252685547,387.4498596191406
2026-03-20,14.296298527283852,247.54823303222656,380.3287353515625
2026-03-23,14.756304883229404,251.04200744628906,381.4541931152344
2026-03-24,14.10529999607661,251.1917266845703,371.2355651855469
2026-03-25,14.114474389291104,252.16998291015625,369.5424499511719
2026-03-26,14.310456513019744,252.43951416015625,364.492919921875
2026-03-27,14.413427304676247,248.35679626464844,355.33001708984375
2026-03-30,14.303281635685835,246.19065856933594,357.51116943359375
2026-03-31,14.86431165134627,253.337890625,368.67596435546875
2026-04-01,15.08617027022808,255.17462158203125,367.8791809082031
2026-04-02,14.891680348908949,255.464111328125,371.9526672363281
2026-04-03,14.828947037289595,255.464111328125,371.9526672363281
2026-04-06,14.78815407306513,258.3988342285156,371.375
2026-04-07,15.2241337546144,253.0484161376953,370.78741455078125
2026-04-08,17.07663791214327,258.43878173828125,372.81915283203125
2026-04-09,16.31695052167288,260.02593994140625,371.56427001953125
2026-04-10,16.361589249141844,260.0159912109375,369.3731384277344
2026-04-13,16.339048835536687,258.73828125,382.8186340332031
2026-04-14,17.45056209375946,258.368896484375,391.5233459472656
2026-04-15,17.391786785394288,265.95538330078125,409.5602722167969
2026-04-16,16.896940889497273,262.9307556152344,418.56378173828125
2026-04-17,17.332555875729213,269.7486267089844,421.0835876464844
2026-04-20,16.54658292805334,272.5635681152344,416.38262939453125
2026-04-21,16.722910093681094,265.69586181640625,422.44805908203125
2026-04-22,16.458781671434622,272.68341064453125,431.1726989746094
2026-04-23,16.382274512134245,272.9429016113281,414.07196044921875
2026-04-24,16.22531078205145,270.5771179199219,422.90618896484375
2026-04-27,16.15913523273582,267.1332702636719,423.1053771972656
2026-04-28,15.918373046851684,270.2277526855469,427.5174865722656
2026-04-29,15.89924261966371,269.688720703125,422.7467956542969
2026-04-30,15.373331198683559,270.86663818359375,406.1341552734375
2026-05-01,15.43175302449231,279.6409606933594,412.76727294921875
2026-05-04,15.514688010833765,276.33685302734375,411.9505615234375
2026-05-05,15.9042124985682,283.67376708984375,409.7196350097656
2026-05-06,16.41886512925703,286.9978332519531,412.2891845703125
2026-05-07,16.405665629374425,286.9279479980469,419.07171630859375
2026-05-08,16.423772432826354,292.7974853515625,413.44451904296875
2026-05-11,16.86234021860173,292.42779541015625,410.99444580078125
2026-05-12,16.485712505202628,294.54595947265625,406.1241760253906
2026-05-13,16.19914933154564,298.6124572753906,403.57452392578125
2026-05-14,16.44221440423337,297.9530334472656,407.7774963378906
2026-05-15,15.772161260870007,299.9713134765625,420.2170715332031
2026-05-18,15.650767338571313,297.5833435058594,421.83056640625
2026-05-19,15.448670831786558,298.7123718261719,415.7352600097656
2026-05-20,15.470330384850968,301.98956298828125,419.36053466796875
2026-05-21,15.973119888857127,304.7271728515625,418.3025207519531
2026-05-22,16.121116337291824,308.55389404296875,417.7835388183594
2026-05-25,16.469866072433092,308.55389404296875,417.7835388183594
2026-05-26,16.83362417710123,308.0643005371094,415.248291015625
2026-05-27,17.243398252049474,310.5821533203125,411.8946228027344
2026-05-28,16.759918515252025,312.24072265625,426.18768310546875
2026-05-29,16.930216391994236,311.7911071777344,449.3940124511719
2026-06-01,16.92449742000872,306.0460510253906,459.6546936035156
2026-06-02,16.92210642785335,314.92840576171875,440.48077392578125
2026-06-03,16.74887260450214,309.9926452636719,426.53704833984375
2026-06-04,16.309627056335785,310.9618225097656,427.2456970214844
2026-06-05,16.75232945615926,307.0751647949219,415.8870849609375
2026-06-08,16.543372624262474,301.2801818847656,410.9663391113281
2026-06-09,16.625202288491096,290.29962158203125,402.6520080566406
2026-06-10,16.55323636428284,291.3287353515625,396.61334228515625
2026-06-11,16.84200838701713,295.375244140625,389.6065673828125
2026-06-12,17.271316282851785,290.879150390625,390.00579833984375
2026-06-15,17.752714497624993,296.1645812988281,399.0088806152344
2026-06-16,17.895652073759948,298.9821472167969,393.0899963378906
2026-06-17,17.995426297187805,295.6949768066406,378.1980285644531
2026-06-18,17.738576624007806,297.7532043457031,378.6871032714844
2026-06-19,17.766497765186045,297.7532043457031,378.6871032714844
2026-06-22,17.996538551563958,296.75408935546875,366.6497802734375
2026-06-23,17.71205997467041,294.04638671875,373.23736572265625
2026-06-24,17.547254391704882,292.8274230957031,364.7733154296875
2026-06-25,17.08809759815631,274.91290283203125,352.1670227050781
2026-06-26,17.042548656463623,283.53546142578125,372.2691955566406
2026-06-29,17.306159755980843,281.4972229003906,367.8774719238281
2026-06-30,17.23015347606008,289.11065673828125,372.319091796875
2026-07-01,17.547965303063393,294.1263427734375,383.5579528808594
2026-07-02,17.630192061390062,308.3640441894531,389.7562561035156
2026-07-03,18.00788081523615,308.3640441894531,389.7562561035156
2026-07-06,18.248884171007376,312.3905944824219,386.0133056640625
2026-07-07,17.94070816625299,310.3923034667969,388.109375
2026-07-08,17.356596984202042,313.1199645996094,382.6197204589844
2026-07-09,17.732722934478033,315.947509765625,383.6377868652344
2026-07-10,18.064781502407186,315.0483093261719,384.37640380859375
2026-07-13,17.73963706368704,317.03656005859375,390.2553405761719
2026-07-14,17.406647505247747,314.58868408203125,384.20672607421875
2026-07-15,17.02273510028249,327.2178039550781,394.8866271972656
2026-07-16,16.884220429579955,332.97283935546875,400.3463439941406
2026-07-17,16.680590613943878,333.452392578125,393.08001708984375
2026-07-20,16.8957915934634,326.3085632324219,401.53411865234375
2026-07-21,17.469741550314552,327.45758056640625,397.00262451171875
2026-07-22,17.618884059833363,325.60919189453125,389.6065673828125
2026-07-23,17.34014882368956,321.3828430175781,380.8630065917969
2026-07-24,17.850235102815418,332.7330322265625,380.9828186035156
2026-07-27,18.266142182767908,336.61968994140625,388.368896484375
2026-07-28,18.37871711513253,339.78692626953125,392.61090087890625
2026-07-29,18.628378080118637,337.8985900878906,389.8061828613281
2026-07-30,19.138811995663673,333.1426696777344,450.2524108886719
2026-07-31,18.55287684053519,308.6438293457031,463.8468017578125
2026-08-03,18.98990034319968,303.1585693359375,486.73370361328125
2026-08-04,18.946848364822927,309.1134033203125,491.884033203125
2026-08-05,18.64793659187262,310.7320251464844,486.5440673828125
2026-08-06,18.884716179292354,312.14080810546875,498.9207458496094
2026-08-07,18.652759015193624,313.05999755859375,499.0505065917969
2026-08-10,18.74450910848418,308.260009765625,505.109130859375
2026-08-11,18.705187534058496,304.9100036621094,502.86334228515625
2026-08-12,18.700867460727295,302.25,491.5047302246094
2026-08-13,18.45958747431837,305.260009765625,495.9463806152344
2026-08-14,18.992963903728196,305.92999267578125,494.4691467285156
2026-08-17,19.120150261448998,305.5899963378906,479.44744873046875
2026-08-18,19.02472878241724,310.0299987792969,480.72503662109375
2026-08-19,18.909217057098886,316.8299865722656,483.3999938964844
2026-08-20,18.911537178900744,311.29998779296875,481.1499938964844
2026-08-21,19.40181719542852,309.3500061035156,483.239990234375
2026-08-24,19.204485720794082,310.3399963378906,487.30999755859375
2026-08-25,19.386944608650083,309.8999938964844,491.7099914550781
2026-08-26,19.730312700758304,313.45001220703125,496.3699951171875
2026-08-27,19.556883517886263,314.5799865722656,505.05999755859375
2026-08-28,19.646811376089317,319.70001220703125,513.530029296875
2026-08-31,19.562167015239083,316.8500061035156,507.2900085449219
2026-09-01,19.558296308833633,325.1300048828125,501.0199890136719
2026-09-02,19.677642800922968,324.9599914550781,496.82000732421875
2026-09-03,20.129522904753685,328.2099914550781,510.1199951171875
2026-09-04,20.407688541159587,319.9700012207031,499.70001220703125
2026-09-07,20.375538805663837,319.9700012207031,499.70001220703125
