Datetime,ETE.AT,AAPL,MSFT
2026-08-05 13:30:00+00:00,18.672054901007414,306.7275085449219,489.54998779296875
2026-08-05 14:00:00+00:00,18.687159686044197,306.7275085449219,489.54998779296875
2026-08-05 14:30:00+00:00,18.687159686044197,308.5950012207031,492.44000244140625
2026-08-05 15:00:00+00:00,18.676368901634305,308.5950012207031,492.44000244140625
2026-08-05 15:30:00+00:00,18.676368901634305,308.639892578125,489.0199890136719
2026-08-05 16:00:00+00:00,18.67421190132086,308.639892578125,489.0199890136719
2026-08-05 16:30:00+00:00,18.67421190132086,309.739990234375,488.3399963378906
2026-08-05 17:00:00+00:00,18.69147946951375,309.739990234375,488.3399963378906
2026-08-05 17:30:00+00:00,18.69147946951375,308.1900939941406,489.7998962402344
2026-08-05 18:00:00+00:00,18.689320541586085,308.1900939941406,489.7998962402344
2026-08-05 18:30:00+00:00,18.689320541586085,309.6200866699219,489.9590148925781
2026-08-05 19:00:00+00:00,18.682843757803084,309.6200866699219,489.9590148925781
2026-08-05 19:30:00+00:00,18.682843757803084,310.9200134277344,487.4599914550781
2026-08-05 20:00:00+00:00,18.687159686044197,310.9200134277344,487.4599914550781
2026-08-05 21:00:00+00:00,18.68500075811653,310.9200134277344,487.4599914550781
2026-08-05 22:00:00+00:00,18.689320541586085,310.9200134277344,487.4599914550781
2026-08-05 23:00:00+00:00,18.69364225266986,310.9200134277344,487.4599914550781
2026-08-06 00:00:00+00:00,18.69147946951375,310.9200134277344,487.4599914550781
2026-08-06 01:00:00+00:00,18.689320541586085,310.9200134277344,487.4599914550781
2026-08-06 02:00:00+00:00,18.687159686044197,310.9200134277344,487.4599914550781
2026-08-06 03:00:00+00:00,18.680684829875418,310.9200134277344,487.4599914550781
2026-08-06 04:00:00+00:00,18.680684829875418,310.9200134277344,487.4599914550781
2026-08-06 05:00:00+00:00,18.680684829875418,310.9200134277344,487.4599914550781
2026-08-06 06:00:00+00:00,18.67421190132086,310.9200134277344,487.4599914550781
2026-08-06 07:00:00+00:00,18.672054901007414,310.9200134277344,487.4599914550781
2026-08-06 07:30:00+00:00,18.954965791506766,310.9200134277344,487.4599914550781
2026-08-06 08:00:00+00:00,18.95277806607919,310.9200134277344,487.4599914550781
2026-08-06 08:30:00+00:00,19.027825551787828,310.9200134277344,487.4599914550781
2026-08-06 09:00:00+00:00,19.021236387236968,310.9200134277344,487.4599914550781
2026-08-06 09:30:00+00:00,19.073175532407276,310.9200134277344,487.4599914550781
2026-08-06 10:00:00+00:00,19.077580303633567,310.9200134277344,487.4599914550781
2026-08-06 10:30:00+00:00,19.019857793366555,310.9200134277344,487.4599914550781
2026-08-06 11:00:00+00:00,19.02644692308627,310.9200134277344,487.4599914550781
2026-08-06 11:30:00+00:00,19.009122408701842,310.9200134277344,487.4599914550781
2026-08-06 12:00:00+00:00,18.99815183350256,310.9200134277344,487.4599914550781
2026-08-06 12:30:00+00:00,18.813479806555733,310.9200134277344,487.4599914550781
2026-08-06 13:00:00+00:00,18.822169400417806,310.9200134277344,487.4599914550781
2026-08-06 13:30:00+00:00,18.868359832532406,312.8399963378906,496.5899963378906
2026-08-06 14:00:00+00:00,18.85312156878308,312.8399963378906,496.5899963378906
2026-08-06 14:30:00+00:00,18.85312156878308,310.1000061035156,496.4700012207031
2026-08-06 15:00:00+00:00,18.83139296950867,310.1000061035156,496.4700012207031
2026-08-06 15:30:00+00:00,18.83139296950867,311.1570129394531,494.75
2026-08-06 16:00:00+00:00,18.829223031400943,311.1570129394531,494.75
2026-08-06 16:30:00+00:00,18.829223031400943,311.2005920410156,496.4119873046875
2026-08-06 17:00:00+00:00,18.833562907616397,311.2005920410156,496.4119873046875
2026-08-06 17:30:00+00:00,18.833562907616397,312.239990234375,497.3399963378906
2026-08-06 18:00:00+00:00,18.835734793603933,312.239990234375,497.3399963378906
2026-08-06 18:30:00+00:00,18.835734793603933,312.5799865722656,498.8800048828125
2026-08-06 19:00:00+00:00,18.833562907616397,312.5799865722656,498.8800048828125
2026-08-06 19:30:00+00:00,18.833562907616397,312.45001220703125,499.8599853515625
2026-08-06 20:00:00+00:00,18.835734793603933,312.45001220703125,499.8599853515625
2026-08-06 21:00:00+00:00,18.83139296950867,312.45001220703125,499.8599853515625
2026-08-06 22:00:00+00:00,18.83139296950867,312.45001220703125,499.8599853515625
2026-08-06 23:00:00+00:00,18.835734793603933,312.45001220703125,499.8599853515625
2026-08-07 00:00:00+00:00,18.827053093293216,312.45001220703125,499.8599853515625
2026-08-07 01:00:00+00:00,18.83139296950867,312.45001220703125,499.8599853515625
2026-08-07 02:00:00+00:00,18.83139296950867,312.45001220703125,499.8599853515625
2026-08-07 03:00:00+00:00,18.833562907616397,312.45001220703125,499.8599853515625
2026-08-07 04:00:00+00:00,18.835734793603933,312.45001220703125,499.8599853515625
2026-08-07 05:00:00+00:00,18.833562907616397,312.45001220703125,499.8599853515625
2026-08-07 06:00:00+00:00,18.833562907616397,312.45001220703125,499.8599853515625
2026-08-07 07:00:00+00:00,18.833562907616397,312.45001220703125,499.8599853515625
2026-08-07 07:30:00+00:00,18.741354610085637,312.45001220703125,499.8599853515625
2026-08-07 08:00:00+00:00,18.741354610085637,312.45001220703125,499.8599853515625
2026-08-07 08:30:00+00:00,19.029505814671666,312.45001220703125,499.8599853515625
2026-08-07 09:00:00+00:00,19.038283743145712,312.45001220703125,499.8599853515625
2026-08-07 09:30:00+00:00,19.03251682900418,312.45001220703125,499.8599853515625
2026-08-07 10:00:00+00:00,19.03032301161943,312.45001220703125,499.8599853515625
2026-08-07 10:30:00+00:00,19.0360892610272,312.45001220703125,499.8599853515625
2026-08-07 11:00:00+00:00,19.04706954420135,312.45001220703125,499.8599853515625
2026-08-07 11:30:00+00:00,19.035532593727112,312.45001220703125,499.8599853515625
2026-08-07 12:00:00+00:00,19.10164386034012,312.45001220703125,499.8599853515625
2026-08-07 12:30:00+00:00,18.951147031788196,312.45001220703125,499.8599853515625
2026-08-07 13:00:00+00:00,18.92485701426608,312.45001220703125,499.8599853515625
2026-08-07 13:30:00+00:00,18.710982588029992,314.0799865722656,504.1000061035156
2026-08-07 14:00:00+00:00,18.704494008136408,314.0799865722656,504.1000061035156
2026-08-07 14:30:00+00:00,18.704494008136408,313.3599853515625,502.0299987792969
2026-08-07 15:00:00+00:00,18.71314544799452,313.3599853515625,502.0299987792969
2026-08-07 15:30:00+00:00,18.71314544799452,311.69000244140625,503.0
2026-08-07 16:00:00+00:00,18.71314544799452,311.69000244140625,503.0
2026-08-07 16:30:00+00:00,18.71314544799452,312.739990234375,499.760009765625
2026-08-07 17:00:00+00:00,18.717473097325865,312.739990234375,499.760009765625
2026-08-07 17:30:00+00:00,18.717473097325865,311.91900634765625,499.69000244140625
2026-08-07 18:00:00+00:00,18.721804605461784,311.91900634765625,499.69000244140625
2026-08-07 18:30:00+00:00,18.721804605461784,313.2774963378906,501.17999267578125
2026-08-07 19:00:00+00:00,18.717473097325865,313.2774963378906,501.17999267578125
2026-08-07 19:30:00+00:00,18.717473097325865,313.29998779296875,499.8900146484375
2026-08-07 20:00:00+00:00,18.710982588029992,313.29998779296875,499.8900146484375
2026-08-07 21:00:00+00:00,18.71314544799452,313.29998779296875,499.8900146484375
2026-08-09 23:00:00+00:00,18.708817798663176,313.29998779296875,499.8900146484375
2026-08-10 00:00:00+00:00,18.710982588029992,313.29998779296875,499.8900146484375
2026-08-10 01:00:00+00:00,18.704494008136408,313.29998779296875,499.8900146484375
2026-08-10 02:00:00+00:00,18.702333077574167,313.29998779296875,499.8900146484375
2026-08-10 03:00:00+00:00,18.698013145851974,313.29998779296875,499.8900146484375
2026-08-10 04:00:00+00:00,18.702333077574167,313.29998779296875,499.8900146484375
2026-08-10 05:00:00+00:00,18.706656868100936,313.29998779296875,499.8900146484375
2026-08-10 06:00:00+00:00,18.706656868100936,313.29998779296875,499.8900146484375
2026-08-10 07:00:00+00:00,18.717473097325865,313.29998779296875,499.8900146484375
2026-08-10 07:30:00+00:00,18.601825614369773,313.29998779296875,499.8900146484375
2026-08-10 08:00:00+00:00,18.601825614369773,313.29998779296875,499.8900146484375
2026-08-10 08:30:00+00:00,18.850466930698076,313.29998779296875,499.8900146484375
2026-08-10 09:00:00+00:00,18.843930304188234,313.29998779296875,499.8900146484375
2026-08-10 09:30:00+00:00,18.826589968828102,313.29998779296875,499.8900146484375
2026-08-10 10:00:00+00:00,18.824411804127976,313.29998779296875,499.8900146484375
2026-08-10 10:30:00+00:00,18.766615903781712,313.29998779296875,499.8900146484375
2026-08-10 11:00:00+00:00,18.760111149113072,313.29998779296875,499.8900146484375
2026-08-10 11:30:00+00:00,18.765887854262928,313.29998779296875,499.8900146484375
2026-08-10 12:00:00+00:00,18.759384968536096,313.29998779296875,499.8900146484375
2026-08-10 12:30:00+00:00,18.73050704521802,313.29998779296875,499.8900146484375
2026-08-10 13:00:00+00:00,18.726181039003222,313.29998779296875,499.8900146484375
2026-08-10 13:30:00+00:00,18.73195440864106,306.8800048828125,512.4285888671875
2026-08-10 14:00:00+00:00,18.740612955675942,306.8800048828125,512.4285888671875
2026-08-10 14:30:00+00:00,18.740612955675942,306.5585021972656,509.4910888671875
2026-08-10 15:00:00+00:00,18.742776625647366,306.5585021972656,509.4910888671875
2026-08-10 15:30:00+00:00,18.742776625647366,305.5299987792969,509.8399963378906
2026-08-10 16:00:00+00:00,18.736281748583906,305.5299987792969,509.8399963378906
2026-08-10 16:30:00+00:00,18.736281748583906,306.4700012207031,508.32000732421875
2026-08-10 17:00:00+00:00,18.727629002272806,306.4700012207031,508.32000732421875
2026-08-10 17:30:00+00:00,18.727629002272806,306.7149963378906,505.0079040527344
2026-08-10 18:00:00+00:00,18.727629002272806,306.7149963378906,505.0079040527344
2026-08-10 18:30:00+00:00,18.727629002272806,307.2300109863281,504.3429870605469
2026-08-10 19:00:00+00:00,18.725467265875977,307.2300109863281,504.3429870605469
2026-08-10 19:30:00+00:00,18.725467265875977,308.19000244140625,505.9700012207031
2026-08-10 20:00:00+00:00,18.727629002272806,308.19000244140625,505.9700012207031
2026-08-10 21:00:00+00:00,18.725467265875977,308.19000244140625,505.9700012207031
2026-08-10 22:00:00+00:00,18.729790738669635,308.19000244140625,505.9700012207031
2026-08-10 23:00:00+00:00,18.734118078612482,308.19000244140625,505.9700012207031
2026-08-11 00:00:00+00:00,18.734118078612482,308.19000244140625,505.9700012207031
2026-08-11 01:00:00+00:00,18.734118078612482,308.19000244140625,505.9700012207031
2026-08-11 02:00:00+00:00,18.72330552947915,308.19000244140625,505.9700012207031
2026-08-11 03:00:00+00:00,18.727629002272806,308.19000244140625,505.9700012207031
2026-08-11 04:00:00+00:00,18.727629002272806,308.19000244140625,505.9700012207031
2026-08-11 05:00:00+00:00,18.725467265875977,308.19000244140625,505.9700012207031
2026-08-11 06:00:00+00:00,18.71682418743785,308.19000244140625,505.9700012207031
2026-08-11 07:00:00+00:00,18.710346712545743,308.19000244140625,505.9700012207031
2026-08-11 07:30:00+00:00,18.802629472896115,308.19000244140625,505.9700012207031
2026-08-11 08:00:00+00:00,18.809138895847354,308.19000244140625,505.9700012207031
2026-08-11 08:30:00+00:00,18.820678509518075,308.19000244140625,505.9700012207031
2026-08-11 09:00:00+00:00,18.820678509518075,308.19000244140625,505.9700012207031
2026-08-11 09:30:00+00:00,18.91299321792758,308.19000244140625,505.9700012207031
2026-08-11 10:00:00+00:00,18.91299321792758,308.19000244140625,505.9700012207031
2026-08-11 10:30:00+00:00,18.843757736859516,308.19000244140625,505.9700012207031
2026-08-11 11:00:00+00:00,18.84593218700843,308.19000244140625,505.9700012207031
2026-08-11 11:30:00+00:00,18.759376198096334,308.19000244140625,505.9700012207031
2026-08-11 12:00:00+00:00,18.768039864493403,308.19000244140625,505.9700012207031
2026-08-11 12:30:00+00:00,18.750721552749383,308.19000244140625,505.9700012207031
2026-08-11 13:00:00+00:00,18.752885954726935,308.19000244140625,505.9700012207031
2026-08-11 13:30:00+00:00,18.706697725093363,306.19000244140625,501.5050048828125
2026-08-11 14:00:00+00:00,18.704538654023054,306.19000244140625,501.5050048828125
2026-08-11 14:30:00+00:00,18.704538654023054,306.7049865722656,501.55999755859375
2026-08-11 15:00:00+00:00,18.704538654023054,306.7049865722656,501.55999755859375
2026-08-11 15:30:00+00:00,18.704538654023054,306.55499267578125,500.739990234375
2026-08-11 16:00:00+00:00,18.700220511882435,306.55499267578125,500.739990234375
2026-08-11 16:30:00+00:00,18.700220511882435,306.19000244140625,502.6199951171875
2026-08-11 17:00:00+00:00,18.695904300932398,306.19000244140625,502.6199951171875
2026-08-11 17:30:00+00:00,18.695904300932398,303.29998779296875,501.9840087890625
2026-08-11 18:00:00+00:00,18.700220511882435,303.29998779296875,501.9840087890625
2026-08-11 18:30:00+00:00,18.700220511882435,305.1600036621094,502.9530029296875
2026-08-11 19:00:00+00:00,18.704538654023054,305.1600036621094,502.9530029296875
2026-08-11 19:30:00+00:00,18.704538654023054,304.8999938964844,503.80999755859375
2026-08-11 20:00:00+00:00,18.704538654023054,304.8999938964844,503.80999755859375
2026-08-11 21:00:00+00:00,18.702379582952744,304.8999938964844,503.80999755859375
2026-08-11 22:00:00+00:00,18.706697725093363,304.8999938964844,503.80999755859375
2026-08-11 23:00:00+00:00,18.704538654023054,304.8999938964844,503.80999755859375
2026-08-12 00:00:00+00:00,18.700220511882435,304.8999938964844,503.80999755859375
2026-08-12 01:00:00+00:00,18.698061440812126,304.8999938964844,503.80999755859375
2026-08-12 02:00:00+00:00,18.695904300932398,304.8999938964844,503.80999755859375
2026-08-12 03:00:00+00:00,18.691590021172942,304.8999938964844,503.80999755859375
2026-08-12 04:00:00+00:00,18.69374716105267,304.8999938964844,503.80999755859375
2026-08-12 05:00:00+00:00,18.689432881293214,304.8999938964844,503.80999755859375
2026-08-12 06:00:00+00:00,18.695904300932398,304.8999938964844,503.80999755859375
2026-08-12 07:00:00+00:00,18.695904300932398,304.8999938964844,503.80999755859375
2026-08-12 07:30:00+00:00,18.684363355663436,304.8999938964844,503.80999755859375
2026-08-12 08:00:00+00:00,18.684363355663436,304.8999938964844,503.80999755859375
2026-08-12 08:30:00+00:00,18.713214618230722,304.8999938964844,503.80999755859375
2026-08-12 09:00:00+00:00,18.71105548108062,304.8999938964844,503.80999755859375
2026-08-12 09:30:00+00:00,18.6995158674099,304.8999938964844,503.80999755859375
2026-08-12 10:00:00+00:00,18.69735806185804,304.8999938964844,503.80999755859375
2026-08-12 10:30:00+00:00,18.77812383566311,304.8999938964844,503.80999755859375
2026-08-12 11:00:00+00:00,18.793301481586695,304.8999938964844,503.80999755859375
2026-08-12 11:30:00+00:00,18.804849089615345,304.8999938964844,503.80999755859375
2026-08-12 12:00:00+00:00,18.826589968828102,304.8999938964844,503.80999755859375
2026-08-12 12:30:00+00:00,18.80924963346797,304.8999938964844,503.80999755859375
2026-08-12 13:00:00+00:00,18.80055469718627,304.8999938964844,503.80999755859375
2026-08-12 13:30:00+00:00,18.719667601039873,302.3450012207031,495.875
2026-08-12 14:00:00+00:00,18.702379582952744,302.3450012207031,495.875
2026-08-12 14:30:00+00:00,18.702379582952744,301.0799865722656,493.20001220703125
2026-08-12 15:00:00+00:00,18.700220511882435,301.0799865722656,493.20001220703125
2026-08-12 15:30:00+00:00,18.700220511882435,301.510009765625,493.9200134277344
2026-08-12 16:00:00+00:00,18.68081204653663,301.510009765625,493.9200134277344
2026-08-12 16:30:00+00:00,18.68081204653663,302.16009521484375,493.2300109863281
2026-08-12 17:00:00+00:00,18.67004759023439,302.16009521484375,493.2300109863281
2026-08-12 17:30:00+00:00,18.67004759023439,301.125,492.1250915527344
2026-08-12 18:00:00+00:00,18.667896243926407,301.125,492.1250915527344
2026-08-12 18:30:00+00:00,18.667896243926407,301.67999267578125,494.2650146484375
2026-08-12 19:00:00+00:00,18.672198936542372,301.67999267578125,494.2650146484375
2026-08-12 19:30:00+00:00,18.672198936542372,302.2250061035156,492.44000244140625
2026-08-12 20:00:00+00:00,18.6765054915395,302.2250061035156,492.44000244140625
2026-08-12 21:00:00+00:00,18.672198936542372,302.2250061035156,492.44000244140625
2026-08-12 22:00:00+00:00,18.678658769038066,302.2250061035156,492.44000244140625
2026-08-12 23:00:00+00:00,18.68081204653663,302.2250061035156,492.44000244140625
2026-08-13 00:00:00+00:00,18.68081204653663,302.2250061035156,492.44000244140625
2026-08-13 01:00:00+00:00,18.674352214040937,302.2250061035156,492.44000244140625
2026-08-13 02:00:00+00:00,18.672198936542372,302.2250061035156,492.44000244140625
2026-08-13 03:00:00+00:00,18.672198936542372,302.2250061035156,492.44000244140625
2026-08-13 04:00:00+00:00,18.678658769038066,302.2250061035156,492.44000244140625
2026-08-13 05:00:00+00:00,18.6765054915395,302.2250061035156,492.44000244140625
2026-08-13 06:00:00+00:00,18.663595482501023,302.2250061035156,492.44000244140625
2026-08-13 07:00:00+00:00,18.6765054915395,302.2250061035156,492.44000244140625
2026-08-13 07:30:00+00:00,18.82637770916972,302.2250061035156,492.44000244140625
2026-08-13 08:00:00+00:00,18.824207152396184,302.2250061035156,492.44000244140625
2026-08-13 08:30:00+00:00,18.801151869980686,302.2250061035156,492.44000244140625
2026-08-13 09:00:00+00:00,18.818506722565644,302.2250061035156,492.44000244140625
2026-08-13 09:30:00+00:00,18.75504727151815,302.2250061035156,492.44000244140625
2026-08-13 10:00:00+00:00,18.757211734807242,302.2250061035156,492.44000244140625
2026-08-13 10:30:00+00:00,18.68220754738195,302.2250061035156,492.44000244140625
2026-08-13 11:00:00+00:00,18.677895930818977,302.2250061035156,492.44000244140625
2026-08-13 11:30:00+00:00,18.62598075390906,302.2250061035156,492.44000244140625
2026-08-13 12:00:00+00:00,18.643186982176303,302.2250061035156,492.44000244140625
2026-08-13 12:30:00+00:00,18.643186982176303,302.2250061035156,492.44000244140625
2026-08-13 13:00:00+00:00,18.62813057012545,302.2250061035156,492.44000244140625
2026-08-13 13:30:00+00:00,18.47236706320041,305.6449890136719,498.4700012207031
2026-08-13 14:00:00+00:00,18.48729757751107,305.6449890136719,498.4700012207031
2026-08-13 14:30:00+00:00,18.48729757751107,303.7200012207031,493.8558044433594
2026-08-13 15:00:00+00:00,18.465975360218636,303.7200012207031,493.8558044433594
2026-08-13 15:30:00+00:00,18.465975360218636,303.42999267578125,494.69000244140625
2026-08-13 16:00:00+00:00,18.463845428738296,303.42999267578125,494.69000244140625
2026-08-13 16:30:00+00:00,18.463845428738296,303.3399963378906,494.5
2026-08-13 17:00:00+00:00,18.461715497257956,303.3399963378906,494.5
2026-08-13 17:30:00+00:00,18.461715497257956,303.30999755859375,493.135009765625
2026-08-13 18:00:00+00:00,18.463845428738296,303.30999755859375,493.135009765625
2026-08-13 18:30:00+00:00,18.463845428738296,304.3999938964844,497.1600036621094
2026-08-13 19:00:00+00:00,18.461715497257956,304.3999938964844,497.1600036621094
2026-08-13 19:30:00+00:00,18.461715497257956,305.32000732421875,496.80999755859375
2026-08-13 20:00:00+00:00,18.463845428738296,305.32000732421875,496.80999755859375
2026-08-13 21:00:00+00:00,18.461715497257956,305.32000732421875,496.80999755859375
2026-08-13 22:00:00+00:00,18.468105291698976,305.32000732421875,496.80999755859375
2026-08-13 23:00:00+00:00,18.470235223179316,305.32000732421875,496.80999755859375
2026-08-14 00:00:00+00:00,18.478762583263688,305.32000732421875,496.80999755859375
2026-08-14 01:00:00+00:00,18.47236706320041,305.32000732421875,496.80999755859375
2026-08-14 02:00:00+00:00,18.470235223179316,305.32000732421875,496.80999755859375
2026-08-14 03:00:00+00:00,18.476630743242595,305.32000732421875,496.80999755859375
2026-08-14 04:00:00+00:00,18.478762583263688,305.32000732421875,496.80999755859375
2026-08-14 05:00:00+00:00,18.48303008038738,305.32000732421875,496.80999755859375
2026-08-14 06:00:00+00:00,18.48729757751107,305.32000732421875,496.80999755859375
2026-08-14 07:00:00+00:00,18.497979680105573,305.32000732421875,496.80999755859375
2026-08-14 07:30:00+00:00,18.636626636501887,305.32000732421875,496.80999755859375
2026-08-14 08:00:00+00:00,18.645240985418923,305.32000732421875,496.80999755859375
2026-08-14 08:30:00+00:00,18.651021898316912,305.32000732421875,496.80999755859375
2026-08-14 09:00:00+00:00,18.64671146498722,305.32000732421875,496.80999755859375
2026-08-14 09:30:00+00:00,18.66404578707943,305.32000732421875,496.80999755859375
2026-08-14 10:00:00+00:00,18.666203969887874,305.32000732421875,496.80999755859375
2026-08-14 10:30:00+00:00,18.706656868100936,305.32000732421875,496.80999755859375
2026-08-14 11:00:00+00:00,18.7239693948286,305.32000732421875,496.80999755859375
2026-08-14 11:30:00+00:00,18.891716334772354,305.32000732421875,496.80999755859375
2026-08-14 12:00:00+00:00,18.893902465047404,305.32000732421875,496.80999755859375
2026-08-14 12:30:00+00:00,18.836053064388352,305.32000732421875,496.80999755859375
2026-08-14 13:00:00+00:00,18.855687402641706,305.32000732421875,496.80999755859375
2026-08-14 13:30:00+00:00,19.069955950082658,304.989990234375,498.7699890136719
2026-08-14 14:00:00+00:00,19.072164078674632,304.989990234375,498.7699890136719
2026-08-14 14:30:00+00:00,19.072164078674632,305.53289794921875,497.6499938964844
2026-08-14 15:00:00+00:00,19.072164078674632,305.53289794921875,497.6499938964844
2026-08-14 15:30:00+00:00,19.072164078674632,305.44500732421875,497.67999267578125
2026-08-14 16:00:00+00:00,19.056713066873726,305.44500732421875,497.67999267578125
2026-08-14 16:30:00+00:00,19.056713066873726,305.19439697265625,495.80999755859375
2026-08-14 17:00:00+00:00,19.045692051723563,305.19439697265625,495.80999755859375
2026-08-14 17:30:00+00:00,19.045692051723563,305.97900390625,495.42999267578125
2026-08-14 18:00:00+00:00,19.047894291972625,305.97900390625,495.42999267578125
2026-08-14 18:30:00+00:00,19.047894291972625,305.94500732421875,495.3599853515625
2026-08-14 19:00:00+00:00,19.050098495002658,305.94500732421875,495.3599853515625
2026-08-14 19:30:00+00:00,19.050098495002658,305.95001220703125,495.4200134277344
2026-08-14 20:00:00+00:00,19.054508863843694,305.95001220703125,495.4200134277344
2026-08-14 21:00:00+00:00,19.054508863843694,305.95001220703125,495.4200134277344
2026-08-16 23:00:00+00:00,19.061125398495733,305.95001220703125,495.4200134277344
2026-08-17 00:00:00+00:00,19.072164078674632,305.95001220703125,495.4200134277344
2026-08-17 01:00:00+00:00,19.07658426142052,305.95001220703125,495.4200134277344
2026-08-17 02:00:00+00:00,19.072164078674632,305.95001220703125,495.4200134277344
2026-08-17 03:00:00+00:00,19.078796315574436,305.95001220703125,495.4200134277344
2026-08-17 04:00:00+00:00,19.08100640694738,305.95001220703125,495.4200134277344
2026-08-17 05:00:00+00:00,19.083218461101296,305.95001220703125,495.4200134277344
2026-08-17 06:00:00+00:00,19.098712654083556,305.95001220703125,495.4200134277344
2026-08-17 07:00:00+00:00,19.114232363218434,305.95001220703125,495.4200134277344
2026-08-17 07:30:00+00:00,18.829810685302164,305.95001220703125,495.4200134277344
2026-08-17 08:00:00+00:00,18.818887922416934,305.95001220703125,495.4200134277344
2026-08-17 08:30:00+00:00,18.929110943415026,305.95001220703125,495.4200134277344
2026-08-17 09:00:00+00:00,18.924719360067,305.95001220703125,495.4200134277344
2026-08-17 09:30:00+00:00,19.052313262375264,305.95001220703125,495.4200134277344
2026-08-17 10:00:00+00:00,19.043476752008246,305.95001220703125,495.4200134277344
2026-08-17 10:30:00+00:00,19.130434155464172,305.95001220703125,495.4200134277344
2026-08-17 11:00:00+00:00,19.13265287876129,305.95001220703125,495.4200134277344
2026-08-17 11:30:00+00:00,19.13265287876129,305.95001220703125,495.4200134277344
2026-08-17 12:00:00+00:00,19.141531705856323,305.95001220703125,495.4200134277344
2026-08-17 12:30:00+00:00,19.135732215291682,305.95001220703125,495.4200134277344
2026-08-17 13:00:00+00:00,19.131292180437868,305.95001220703125,495.4200134277344
2026-08-17 13:30:00+00:00,19.16028732940231,304.4949951171875,482.57501220703125
2026-08-17 14:00:00+00:00,19.146964761093386,304.4949951171875,482.57501220703125
2026-08-17 14:30:00+00:00,19.146964761093386,304.5350036621094,484.55999755859375
2026-08-17 15:00:00+00:00,19.151401678521324,304.5350036621094,484.55999755859375
2026-08-17 15:30:00+00:00,19.151401678521324,303.55499267578125,482.6600036621094
2026-08-17 16:00:00+00:00,19.149184204476114,303.55499267578125,482.6600036621094
2026-08-17 16:30:00+00:00,19.149184204476114,304.4150085449219,479.3599853515625
2026-08-17 17:00:00+00:00,19.131442442776915,304.4150085449219,479.3599853515625
2026-08-17 17:30:00+00:00,19.131442442776915,304.7049865722656,479.44000244140625
2026-08-17 18:00:00+00:00,19.122584362621183,304.7049865722656,479.44000244140625
2026-08-17 18:30:00+00:00,19.122584362621183,306.1449890136719,481.0249938964844
2026-08-17 19:00:00+00:00,19.133657947484608,306.1449890136719,481.0249938964844
2026-08-17 19:30:00+00:00,19.133657947484608,305.69000244140625,480.5400085449219
2026-08-17 20:00:00+00:00,19.1358734521923,305.69000244140625,480.5400085449219
2026-08-17 21:00:00+00:00,19.131442442776915,305.69000244140625,480.5400085449219
2026-08-17 22:00:00+00:00,19.133657947484608,305.69000244140625,480.5400085449219
2026-08-17 23:00:00+00:00,19.14030840028272,305.69000244140625,480.5400085449219
2026-08-18 00:00:00+00:00,19.14030840028272,305.69000244140625,480.5400085449219
2026-08-18 01:00:00+00:00,19.133657947484608,305.69000244140625,480.5400085449219
2026-08-18 02:00:00+00:00,19.1358734521923,305.69000244140625,480.5400085449219
2026-08-18 03:00:00+00:00,19.124797897991357,305.69000244140625,480.5400085449219
2026-08-18 04:00:00+00:00,19.122584362621183,305.69000244140625,480.5400085449219
2026-08-18 05:00:00+00:00,19.124797897991357,305.69000244140625,480.5400085449219
2026-08-18 06:00:00+00:00,19.122584362621183,305.69000244140625,480.5400085449219
2026-08-18 07:00:00+00:00,19.124797897991357,305.69000244140625,480.5400085449219
2026-08-18 07:30:00+00:00,18.99166549363258,305.69000244140625,480.5400085449219
2026-08-18 08:00:00+00:00,18.99606370207721,305.69000244140625,480.5400085449219
2026-08-18 08:30:00+00:00,18.87447795738717,305.69000244140625,480.5400085449219
2026-08-18 09:00:00+00:00,18.87884995787681,305.69000244140625,480.5400085449219
2026-08-18 09:30:00+00:00,18.774610727421532,305.69000244140625,480.5400085449219
2026-08-18 10:00:00+00:00,18.770262866853955,305.69000244140625,480.5400085449219
2026-08-18 10:30:00+00:00,18.92079675700279,305.69000244140625,480.5400085449219
2026-08-18 11:00:00+00:00,18.92298812178842,305.69000244140625,480.5400085449219
2026-08-18 11:30:00+00:00,19.009844825152868,305.69000244140625,480.5400085449219
2026-08-18 12:00:00+00:00,19.005443935629955,305.69000244140625,480.5400085449219
2026-08-18 12:30:00+00:00,18.935973775865023,305.69000244140625,480.5400085449219
2026-08-18 13:00:00+00:00,18.944745331639297,305.69000244140625,480.5400085449219
2026-08-18 13:30:00+00:00,19.025829185436578,309.659912109375,481.1499938964844
2026-08-18 14:00:00+00:00,19.02803390750023,309.659912109375,481.1499938964844
2026-08-18 14:30:00+00:00,19.02803390750023,310.42999267578125,481.9700012207031
2026-08-18 15:00:00+00:00,19.023626421385416,310.42999267578125,481.9700012207031
2026-08-18 15:30:00+00:00,19.023626421385416,310.614990234375,481.9949951171875
2026-08-18 16:00:00+00:00,19.025829185436578,310.614990234375,481.9949951171875
2026-08-18 16:30:00+00:00,19.025829185436578,310.3999938964844,481.69500732421875
2026-08-18 17:00:00+00:00,19.021423657334253,310.3999938964844,481.69500732421875
2026-08-18 17:30:00+00:00,19.021423657334253,310.627685546875,482.510009765625
2026-08-18 18:00:00+00:00,19.01922089328309,310.627685546875,482.510009765625
2026-08-18 18:30:00+00:00,19.01922089328309,309.7099914550781,483.1651916503906
2026-08-18 19:00:00+00:00,19.01702008724442,309.7099914550781,483.1651916503906
2026-08-18 19:30:00+00:00,19.01702008724442,310.20001220703125,481.92999267578125
2026-08-18 20:00:00+00:00,19.01922089328309,310.20001220703125,481.92999267578125
2026-08-18 21:00:00+00:00,19.01922089328309,310.20001220703125,481.92999267578125
2026-08-18 22:00:00+00:00,19.01922089328309,310.20001220703125,481.92999267578125
2026-08-18 23:00:00+00:00,19.01922089328309,310.20001220703125,481.92999267578125
2026-08-19 00:00:00+00:00,19.01702008724442,310.20001220703125,481.92999267578125
2026-08-19 01:00:00+00:00,19.021423657334253,310.20001220703125,481.92999267578125
2026-08-19 02:00:00+00:00,19.030238629563883,310.20001220703125,481.92999267578125
2026-08-19 03:00:00+00:00,19.02803390750023,310.20001220703125,481.92999267578125
2026-08-19 04:00:00+00:00,19.034650031703677,310.20001220703125,481.92999267578125
2026-08-19 05:00:00+00:00,19.03906339185596,310.20001220703125,481.92999267578125
2026-08-19 06:00:00+00:00,19.050102666274142,310.20001220703125,481.92999267578125
2026-08-19 07:00:00+00:00,19.052313262375264,310.20001220703125,481.92999267578125
2026-08-19 07:30:00+00:00,18.76812473171867,310.20001220703125,481.92999267578125
2026-08-19 08:00:00+00:00,18.770302354078012,310.20001220703125,481.92999267578125
2026-08-19 08:30:00+00:00,18.78190354790877,310.20001220703125,481.92999267578125
2026-08-19 09:00:00+00:00,18.797167905740707,310.20001220703125,481.92999267578125
2026-08-19 09:30:00+00:00,18.74492121259891,310.20001220703125,481.92999267578125
2026-08-19 10:00:00+00:00,18.74492121259891,310.20001220703125,481.92999267578125
2026-08-19 10:30:00+00:00,18.826193354263978,310.20001220703125,481.92999267578125
2026-08-19 11:00:00+00:00,18.819638623667743,310.20001220703125,481.92999267578125
2026-08-19 11:30:00+00:00,18.929897811457067,310.20001220703125,481.92999267578125
2026-08-19 12:00:00+00:00,18.984983816771546,310.20001220703125,481.92999267578125
2026-08-19 12:30:00+00:00,19.01990488170759,310.20001220703125,481.92999267578125
2026-08-19 13:00:00+00:00,19.05317272097318,310.20001220703125,481.92999267578125
2026-08-19 13:30:00+00:00,19.04151200577394,316.010009765625,481.864990234375
2026-08-19 14:00:00+00:00,19.050396688387764,316.010009765625,481.864990234375
2026-08-19 14:30:00+00:00,19.050396688387764,318.17999267578125,483.9700012207031
2026-08-19 15:00:00+00:00,19.05261980572891,318.17999267578125,483.9700012207031
2026-08-19 15:30:00+00:00,19.05261980572891,316.55999755859375,486.8800964355469
2026-08-19 16:00:00+00:00,19.06151422178118,316.55999755859375,486.8800964355469
2026-08-19 16:30:00+00:00,19.06151422178118,315.05999755859375,483.4549865722656
2026-08-19 17:00:00+00:00,19.043731229739706,315.05999755859375,483.4549865722656
2026-08-19 17:30:00+00:00,19.043731229739706,314.8399963378906,484.0400085449219
2026-08-19 18:00:00+00:00,19.068191360555375,314.8399963378906,484.0400085449219
2026-08-19 18:30:00+00:00,19.068191360555375,316.67840576171875,483.75
2026-08-19 19:00:00+00:00,19.074874339392636,316.67840576171875,483.75
2026-08-19 19:30:00+00:00,19.074874339392636,316.8800048828125,484.4800109863281
2026-08-19 20:00:00+00:00,19.074874339392636,316.8800048828125,484.4800109863281
2026-08-19 21:00:00+00:00,19.072647328676112,316.8800048828125,484.4800109863281
2026-08-19 22:00:00+00:00,19.074874339392636,316.8800048828125,484.4800109863281
2026-08-19 23:00:00+00:00,19.0704183712719,316.8800048828125,484.4800109863281
2026-08-20 00:00:00+00:00,19.0704183712719,316.8800048828125,484.4800109863281
2026-08-20 01:00:00+00:00,19.072647328676112,316.8800048828125,484.4800109863281
2026-08-20 02:00:00+00:00,19.0704183712719,316.8800048828125,484.4800109863281
2026-08-20 03:00:00+00:00,19.07710329679685,316.8800048828125,484.4800109863281
2026-08-20 04:00:00+00:00,19.068191360555375,316.8800048828125,484.4800109863281
2026-08-20 05:00:00+00:00,19.072647328676112,316.8800048828125,484.4800109863281
2026-08-20 06:00:00+00:00,19.09271573206479,316.8800048828125,484.4800109863281
2026-08-20 07:00:00+00:00,19.099414284403565,316.8800048828125,484.4800109863281
2026-08-20 07:30:00+00:00,19.26900545569538,316.8800048828125,484.4800109863281
2026-08-20 08:00:00+00:00,19.27802402012844,316.8800048828125,484.4800109863281
2026-08-20 08:30:00+00:00,19.172711421449776,316.8800048828125,484.4800109863281
2026-08-20 09:00:00+00:00,19.18842917782149,316.8800048828125,484.4800109863281
2026-08-20 09:30:00+00:00,19.17086343342362,316.8800048828125,484.4800109863281
2026-08-20 10:00:00+00:00,19.152919793940555,316.8800048828125,484.4800109863281
2026-08-20 10:30:00+00:00,19.176318120908036,316.8800048828125,484.4800109863281
2026-08-20 11:00:00+00:00,19.156146674858974,316.8800048828125,484.4800109863281
2026-08-20 11:30:00+00:00,19.10939701677148,316.8800048828125,484.4800109863281
2026-08-20 12:00:00+00:00,19.11609987513748,316.8800048828125,484.4800109863281
2026-08-20 12:30:00+00:00,19.09856065281565,316.8800048828125,484.4800109863281
2026-08-20 13:00:00+00:00,19.0784861058155,316.8800048828125,484.4800109863281
2026-08-20 13:30:00+00:00,18.920814618455097,316.4700012207031,482.19390869140625
2026-08-20 14:00:00+00:00,18.931868753344588,316.4700012207031,482.19390869140625
2026-08-20 14:30:00+00:00,18.931868753344588,317.2200012207031,479.8599853515625
2026-08-20 15:00:00+00:00,18.925235113696544,317.2200012207031,479.8599853515625
2026-08-20 15:30:00+00:00,18.925235113696544,316.4649963378906,481.29998779296875
2026-08-20 16:00:00+00:00,18.91639412321365,316.4649963378906,481.29998779296875
2026-08-20 16:30:00+00:00,18.91639412321365,316.6700134277344,481.94500732421875
2026-08-20 17:00:00+00:00,18.918603405239082,316.6700134277344,481.94500732421875
2026-08-20 17:30:00+00:00,18.918603405239082,314.8399963378906,481.44500732421875
2026-08-20 18:00:00+00:00,18.920814618455097,314.8399963378906,481.44500732421875
2026-08-20 18:30:00+00:00,18.920814618455097,313.3699951171875,482.06500244140625
2026-08-20 19:00:00+00:00,18.92302390048053,313.3699951171875,482.06500244140625
2026-08-20 19:30:00+00:00,18.92302390048053,311.3399963378906,481.3789978027344
2026-08-20 20:00:00+00:00,18.925235113696544,311.3399963378906,481.3789978027344
2026-08-20 21:00:00+00:00,18.92302390048053,311.3399963378906,481.3789978027344
2026-08-20 22:00:00+00:00,18.931868753344588,311.3399963378906,481.3789978027344
2026-08-20 23:00:00+00:00,18.938508186564377,311.3399963378906,481.3789978027344
2026-08-21 00:00:00+00:00,18.931868753344588,311.3399963378906,481.3789978027344
2026-08-21 01:00:00+00:00,18.94515341335591,311.3399963378906,481.3789978027344
2026-08-21 02:00:00+00:00,18.954019509316367,311.3399963378906,481.3789978027344
2026-08-21 03:00:00+00:00,18.94958549574085,311.3399963378906,481.3789978027344
2026-08-21 04:00:00+00:00,18.94736848895309,311.3399963378906,481.3789978027344
2026-08-21 05:00:00+00:00,18.956236516104127,311.3399963378906,481.3789978027344
2026-08-21 06:00:00+00:00,18.956236516104127,311.3399963378906,481.3789978027344
2026-08-21 07:00:00+00:00,18.94515341335591,311.3399963378906,481.3789978027344
2026-08-21 07:30:00+00:00,19.255057972300165,311.3399963378906,481.3789978027344
2026-08-21 08:00:00+00:00,19.279859672645216,311.3399963378906,481.3789978027344
2026-08-21 08:30:00+00:00,19.23887624474264,311.3399963378906,481.3789978027344
2026-08-21 09:00:00+00:00,19.229870562106953,311.3399963378906,481.3789978027344
2026-08-21 09:30:00+00:00,19.31179904937744,311.3399963378906,481.3789978027344
2026-08-21 10:00:00+00:00,19.314057111740112,311.3399963378906,481.3789978027344
2026-08-21 10:30:00+00:00,19.343320388107713,311.3399963378906,481.3789978027344
2026-08-21 11:00:00+00:00,19.341058904490637,311.3399963378906,481.3789978027344
2026-08-21 11:30:00+00:00,19.31765012744654,311.3399963378906,481.3789978027344
2026-08-21 12:00:00+00:00,19.3018349667841,311.3399963378906,481.3789978027344
2026-08-21 12:30:00+00:00,19.325224579304177,311.3399963378906,481.3789978027344
2026-08-21 13:00:00+00:00,19.3116734070029,311.3399963378906,481.3789978027344
2026-08-21 13:30:00+00:00,19.399321834996726,307.7950134277344,483.32000732421875
2026-08-21 14:00:00+00:00,19.381203262345252,307.7950134277344,483.32000732421875
2026-08-21 14:30:00+00:00,19.381203262345252,310.6000061035156,483.8349914550781
2026-08-21 15:00:00+00:00,19.399321834996726,310.6000061035156,483.8349914550781
2026-08-21 15:30:00+00:00,19.399321834996726,311.20318603515625,484.2699890136719
2026-08-21 16:00:00+00:00,19.397056023978166,311.20318603515625,484.2699890136719
2026-08-21 16:30:00+00:00,19.397056023978166,311.05999755859375,484.2200012207031
2026-08-21 17:00:00+00:00,19.394790212959606,311.05999755859375,484.2200012207031
2026-08-21 17:30:00+00:00,19.394790212959606,308.4700012207031,481.2998962402344
2026-08-21 18:00:00+00:00,19.399321834996726,308.4700012207031,481.2998962402344
2026-08-21 18:30:00+00:00,19.399321834996726,309.739990234375,482.9100036621094
2026-08-21 19:00:00+00:00,19.392524401941046,309.739990234375,482.9100036621094
2026-08-21 19:30:00+00:00,19.392524401941046,309.4200134277344,483.3500061035156
2026-08-21 20:00:00+00:00,19.385728947759617,309.4200134277344,483.3500061035156
2026-08-21 21:00:00+00:00,19.385728947759617,309.4200134277344,483.3500061035156
2026-08-23 23:00:00+00:00,19.397056023978166,309.4200134277344,483.3500061035156
2026-08-24 00:00:00+00:00,19.40385741478235,309.4200134277344,483.3500061035156
2026-08-24 01:00:00+00:00,19.397056023978166,309.4200134277344,483.3500061035156
2026-08-24 02:00:00+00:00,19.397056023978166,309.4200134277344,483.3500061035156
2026-08-24 03:00:00+00:00,19.394790212959606,309.4200134277344,483.3500061035156
2026-08-24 04:00:00+00:00,19.397056023978166,309.4200134277344,483.3500061035156
2026-08-24 05:00:00+00:00,19.394790212959606,309.4200134277344,483.3500061035156
2026-08-24 06:00:00+00:00,19.390258590922485,309.4200134277344,483.3500061035156
2026-08-24 07:00:00+00:00,19.37441572366083,309.4200134277344,483.3500061035156
2026-08-24 07:30:00+00:00,19.286879824420566,309.4200134277344,483.3500061035156
2026-08-24 08:00:00+00:00,19.280130832371697,309.4200134277344,483.3500061035156
2026-08-24 08:30:00+00:00,19.215960599143955,309.4200134277344,483.3500061035156
2026-08-24 09:00:00+00:00,19.215960599143955,309.4200134277344,483.3500061035156
2026-08-24 09:30:00+00:00,19.33263354816245,309.4200134277344,483.3500061035156
2026-08-24 10:00:00+00:00,19.33263354816245,309.4200134277344,483.3500061035156
2026-08-24 10:30:00+00:00,19.36180122907922,309.4200134277344,483.3500061035156
2026-08-24 11:00:00+00:00,19.36631961620992,309.4200134277344,483.3500061035156
2026-08-24 11:30:00+00:00,19.360485609025545,309.4200134277344,483.3500061035156
2026-08-24 12:00:00+00:00,19.365004612696794,309.4200134277344,483.3500061035156
2026-08-24 12:30:00+00:00,19.3708399816187,309.4200134277344,483.3500061035156
2026-08-24 13:00:00+00:00,19.36406042264457,309.4200134277344,483.3500061035156
2026-08-24 13:30:00+00:00,19.183198364679583,312.94000244140625,485.5899963378906
2026-08-24 14:00:00+00:00,19.183198364679583,312.94000244140625,485.5899963378906
2026-08-24 14:30:00+00:00,19.183198364679583,312.239990234375,489.3399963378906
2026-08-24 15:00:00+00:00,19.183198364679583,312.239990234375,489.3399963378906
2026-08-24 15:30:00+00:00,19.183198364679583,311.9285888671875,489.1400146484375
2026-08-24 16:00:00+00:00,19.183198364679583,311.9285888671875,489.1400146484375
2026-08-24 16:30:00+00:00,19.183198364679583,312.1199035644531,488.7799987792969
2026-08-24 17:00:00+00:00,19.174247954499606,312.1199035644531,488.7799987792969
2026-08-24 17:30:00+00:00,19.174247954499606,311.739990234375,488.5849914550781
2026-08-24 18:00:00+00:00,19.183198364679583,311.739990234375,488.5849914550781
2026-08-24 18:30:00+00:00,19.183198364679583,311.25,488.7099914550781
2026-08-24 19:00:00+00:00,19.176486046994796,311.25,488.7099914550781
2026-08-24 19:30:00+00:00,19.176486046994796,310.3500061035156,487.3399963378906
2026-08-24 20:00:00+00:00,19.180960272184393,310.3500061035156,487.3399963378906
2026-08-24 21:00:00+00:00,19.180960272184393,310.3500061035156,487.3399963378906
2026-08-24 22:00:00+00:00,19.183198364679583,310.3500061035156,487.3399963378906
2026-08-24 23:00:00+00:00,19.187674549669964,310.3500061035156,487.3399963378906
2026-08-25 00:00:00+00:00,19.18991460196594,310.3500061035156,487.3399963378906
2026-08-25 01:00:00+00:00,19.178722179689203,310.3500061035156,487.3399963378906
2026-08-25 02:00:00+00:00,19.174247954499606,310.3500061035156,487.3399963378906
2026-08-25 03:00:00+00:00,19.176486046994796,310.3500061035156,487.3399963378906
2026-08-25 04:00:00+00:00,19.16754151621717,310.3500061035156,487.3399963378906
2026-08-25 05:00:00+00:00,19.163073170429925,310.3500061035156,487.3399963378906
2026-08-25 06:00:00+00:00,19.163073170429925,310.3500061035156,487.3399963378906
2026-08-25 07:00:00+00:00,19.1720118218052,310.3500061035156,487.3399963378906
2026-08-25 07:30:00+00:00,19.52186515103972,310.3500061035156,487.3399963378906
2026-08-25 08:00:00+00:00,19.537813694370243,310.3500061035156,487.3399963378906
2026-08-25 08:30:00+00:00,19.485292600052162,310.3500061035156,487.3399963378906
2026-08-25 09:00:00+00:00,19.487567397569364,310.3500061035156,487.3399963378906
2026-08-25 09:30:00+00:00,19.45838610017927,310.3500061035156,487.3399963378906
2026-08-25 10:00:00+00:00,19.447037093236077,310.3500061035156,487.3399963378906
2026-08-25 10:30:00+00:00,19.412038625128844,310.3500061035156,487.3399963378906
2026-08-25 11:00:00+00:00,19.407509969289094,310.3500061035156,487.3399963378906
2026-08-25 11:30:00+00:00,19.279216639755305,310.3500061035156,487.3399963378906
2026-08-25 12:00:00+00:00,19.290466393459383,310.3500061035156,487.3399963378906
2026-08-25 12:30:00+00:00,19.483019792734012,310.3500061035156,487.3399963378906
2026-08-25 13:00:00+00:00,19.494393780320024,310.3500061035156,487.3399963378906
2026-08-25 13:30:00+00:00,19.400979581839692,310.0849914550781,486.9649963378906
2026-08-25 14:00:00+00:00,19.39418591008689,310.0849914550781,486.9649963378906
2026-08-25 14:30:00+00:00,19.39418591008689,309.3100891113281,489.3900146484375
2026-08-25 15:00:00+00:00,19.400979581839692,309.3100891113281,489.3900146484375
2026-08-25 15:30:00+00:00,19.400979581839692,309.9549865722656,489.4801025390625
2026-08-25 16:00:00+00:00,19.39645178777937,309.9549865722656,489.4801025390625
2026-08-25 16:30:00+00:00,19.39645178777937,309.6549987792969,489.8599853515625
2026-08-25 17:00:00+00:00,19.403245459532172,309.6549987792969,489.8599853515625
2026-08-25 17:30:00+00:00,19.403245459532172,309.5400085449219,489.9549865722656
2026-08-25 18:00:00+00:00,19.400979581839692,309.5400085449219,489.9549865722656
2026-08-25 18:30:00+00:00,19.400979581839692,308.9700927734375,490.1835021972656
2026-08-25 19:00:00+00:00,19.40551331788697,308.9700927734375,490.1835021972656
2026-08-25 19:30:00+00:00,19.40551331788697,309.8999938964844,491.5
2026-08-25 20:00:00+00:00,19.400979581839692,309.8999938964844,491.5
2026-08-25 21:00:00+00:00,19.400979581839692,309.8999938964844,491.5
2026-08-25 22:00:00+00:00,19.40777919557945,309.8999938964844,491.5
2026-08-25 23:00:00+00:00,19.403245459532172,309.8999938964844,491.5
2026-08-26 00:00:00+00:00,19.400979581839692,309.8999938964844,491.5
2026-08-26 01:00:00+00:00,19.39645178777937,309.8999938964844,491.5
2026-08-26 02:00:00+00:00,19.39192201305673,309.8999938964844,491.5
2026-08-26 03:00:00+00:00,19.3851362639532,309.8999938964844,491.5
2026-08-26 04:00:00+00:00,19.382874347585357,309.8999938964844,491.5
2026-08-26 05:00:00+00:00,19.387398180321043,309.8999938964844,491.5
2026-08-26 06:00:00+00:00,19.389660096688885,309.8999938964844,491.5
2026-08-26 07:00:00+00:00,19.39645178777937,309.8999938964844,491.5
2026-08-26 07:30:00+00:00,19.39645178777937,309.8999938964844,491.5
2026-08-26 08:00:00+00:00,19.39645178777937,309.8999938964844,491.5
2026-08-26 08:30:00+00:00,19.454823427877272,309.8999938964844,491.5
2026-08-26 09:00:00+00:00,19.448011297886296,309.8999938964844,491.5
2026-08-26 09:30:00+00:00,19.372155849265027,309.8999938964844,491.5
2026-08-26 10:00:00+00:00,19.365376226077615,309.8999938964844,491.5
2026-08-26 10:30:00+00:00,19.616193018116746,309.8999938964844,491.5
2026-08-26 11:00:00+00:00,19.627640741988216,309.8999938964844,491.5
2026-08-26 11:30:00+00:00,19.72102222947069,309.8999938964844,491.5
2026-08-26 12:00:00+00:00,19.702623964921713,309.8999938964844,491.5
2026-08-26 12:30:00+00:00,19.760932111689726,309.8999938964844,491.5
2026-08-26 13:00:00+00:00,19.751718885418086,309.8999938964844,491.5
2026-08-26 13:30:00+00:00,19.6992651307537,311.7950134277344,493.6499938964844
2026-08-26 14:00:00+00:00,19.68779177333522,311.7950134277344,493.6499938964844
2026-08-26 14:30:00+00:00,19.68779177333522,312.5199890136719,494.9949951171875
2026-08-26 15:00:00+00:00,19.69467377314936,312.5199890136719,494.9949951171875
2026-08-26 15:30:00+00:00,19.69467377314936,313.2947082519531,493.8817138671875
2026-08-26 16:00:00+00:00,19.69467377314936,313.2947082519531,493.8817138671875
2026-08-26 16:30:00+00:00,19.69467377314936,313.1300048828125,494.739990234375
2026-08-26 17:00:00+00:00,19.6992651307537,313.1300048828125,494.739990234375
2026-08-26 17:30:00+00:00,19.6992651307537,313.0498962402344,494.3800048828125
2026-08-26 18:00:00+00:00,19.696970459270005,313.0498962402344,494.3800048828125
2026-08-26 18:30:00+00:00,19.696970459270005,314.8446044921875,496.139892578125
2026-08-26 19:00:00+00:00,19.6992651307537,314.8446044921875,496.139892578125
2026-08-26 19:30:00+00:00,19.6992651307537,313.4800109863281,496.1700134277344
2026-08-26 20:00:00+00:00,19.6992651307537,313.4800109863281,496.1700134277344
2026-08-26 21:00:00+00:00,19.701561816874346,313.4800109863281,496.1700134277344
2026-08-26 22:00:00+00:00,19.701561816874346,313.4800109863281,496.1700134277344
2026-08-26 23:00:00+00:00,19.70385850299499,313.4800109863281,496.1700134277344
2026-08-27 00:00:00+00:00,19.706157203752582,313.4800109863281,496.1700134277344
2026-08-27 01:00:00+00:00,19.708453889873226,313.4800109863281,496.1700134277344
2026-08-27 02:00:00+00:00,19.70385850299499,313.4800109863281,496.1700134277344
2026-08-27 03:00:00+00:00,19.701561816874346,313.4800109863281,496.1700134277344
2026-08-27 04:00:00+00:00,19.70385850299499,313.4800109863281,496.1700134277344
2026-08-27 05:00:00+00:00,19.701561816874346,313.4800109863281,496.1700134277344
2026-08-27 06:00:00+00:00,19.701561816874346,313.4800109863281,496.1700134277344
2026-08-27 07:00:00+00:00,19.70385850299499,313.4800109863281,496.1700134277344
2026-08-27 07:30:00+00:00,19.598926531878533,313.4800109863281,496.1700134277344
2026-08-27 08:00:00+00:00,19.58750826356072,313.4800109863281,496.1700134277344
2026-08-27 08:30:00+00:00,19.622465950428705,313.4800109863281,496.1700134277344
2026-08-27 09:00:00+00:00,19.61104135639971,313.4800109863281,496.1700134277344
2026-08-27 09:30:00+00:00,19.465472464039976,313.4800109863281,496.1700134277344
2026-08-27 10:00:00+00:00,19.463204904252507,313.4800109863281,496.1700134277344
2026-08-27 10:30:00+00:00,19.480670425730295,313.4800109863281,496.1700134277344
2026-08-27 11:00:00+00:00,19.482940020337537,313.4800109863281,496.1700134277344
2026-08-27 11:30:00+00:00,19.49458579827092,313.4800109863281,496.1700134277344
2026-08-27 12:00:00+00:00,19.49231484703091,313.4800109863281,496.1700134277344
2026-08-27 12:30:00+00:00,19.498138168154355,313.4800109863281,496.1700134277344
2026-08-27 13:00:00+00:00,19.520868438129583,313.4800109863281,496.1700134277344
2026-08-27 13:30:00+00:00,19.56167031226778,310.7921142578125,505.05999755859375
2026-08-27 14:00:00+00:00,19.547998043317648,310.7921142578125,505.05999755859375
2026-08-27 14:30:00+00:00,19.547998043317648,314.6499938964844,500.3299865722656
2026-08-27 15:00:00+00:00,19.55938993383279,314.6499938964844,500.3299865722656
2026-08-27 15:30:00+00:00,19.55938993383279,314.57000732421875,502.364990234375
2026-08-27 16:00:00+00:00,19.55938993383279,314.57000732421875,502.364990234375
2026-08-27 16:30:00+00:00,19.55938993383279,315.2699890136719,503.2799987792969
2026-08-27 17:00:00+00:00,19.552552799191744,315.2699890136719,503.2799987792969
2026-08-27 17:30:00+00:00,19.552552799191744,314.17999267578125,502.5
2026-08-27 18:00:00+00:00,19.552552799191744,314.17999267578125,502.5
2026-08-27 18:30:00+00:00,19.552552799191744,313.57000732421875,505.5
2026-08-27 19:00:00+00:00,19.554831177294773,313.57000732421875,505.5
2026-08-27 19:30:00+00:00,19.554831177294773,314.57501220703125,504.8800048828125
2026-08-27 20:00:00+00:00,19.55938993383279,314.57501220703125,504.8800048828125
2026-08-27 21:00:00+00:00,19.56167031226778,314.57501220703125,504.8800048828125
2026-08-27 22:00:00+00:00,19.56167031226778,314.57501220703125,504.8800048828125
2026-08-27 23:00:00+00:00,19.56167031226778,314.57501220703125,504.8800048828125
2026-08-28 00:00:00+00:00,19.56167031226778,314.57501220703125,504.8800048828125
2026-08-28 01:00:00+00:00,19.554831177294773,314.57501220703125,504.8800048828125
2026-08-28 02:00:00+00:00,19.55711155572976,314.57501220703125,504.8800048828125
2026-08-28 03:00:00+00:00,19.547998043317648,314.57501220703125,504.8800048828125
2026-08-28 04:00:00+00:00,19.547998043317648,314.57501220703125,504.8800048828125
2026-08-28 05:00:00+00:00,19.547998043317648,314.57501220703125,504.8800048828125
2026-08-28 06:00:00+00:00,19.552552799191744,314.57501220703125,504.8800048828125
2026-08-28 07:00:00+00:00,19.550274421088716,314.57501220703125,504.8800048828125
2026-08-28 07:30:00+00:00,19.427937885332085,314.57501220703125,504.8800048828125
2026-08-28 08:00:00+00:00,19.423411631004456,314.57501220703125,504.8800048828125
2026-08-28 08:30:00+00:00,19.60395989352628,314.57501220703125,504.8800048828125
2026-08-28 09:00:00+00:00,19.597112417790186,314.57501220703125,504.8800048828125
2026-08-28 09:30:00+00:00,19.736843252451308,314.57501220703125,504.8800048828125
2026-08-28 10:00:00+00:00,19.752943373720427,314.57501220703125,504.8800048828125
2026-08-28 10:30:00+00:00,19.77624899119087,314.57501220703125,504.8800048828125
2026-08-28 11:00:00+00:00,19.76703431017677,314.57501220703125,504.8800048828125
2026-08-28 11:30:00+00:00,19.77868280018356,314.57501220703125,504.8800048828125
2026-08-28 12:00:00+00:00,19.787902911305082,314.57501220703125,504.8800048828125
2026-08-28 12:30:00+00:00,19.729635533492,314.57501220703125,504.8800048828125
2026-08-28 13:00:00+00:00,19.722741316830252,314.57501220703125,504.8800048828125
2026-08-28 13:30:00+00:00,19.63536856908331,316.7250061035156,510.7156066894531
2026-08-28 14:00:00+00:00,19.594280955305294,316.7250061035156,510.7156066894531
2026-08-28 14:30:00+00:00,19.594280955305294,321.94000244140625,515.3117065429688
2026-08-28 15:00:00+00:00,19.555632598367538,321.94000244140625,515.3117065429688
2026-08-28 15:30:00+00:00,19.555632598367538,320.9700012207031,516.4948120117188
2026-08-28 16:00:00+00:00,19.535234463736288,320.9700012207031,516.4948120117188
2026-08-28 16:30:00+00:00,19.535234463736288,319.739990234375,517.1599731445312
2026-08-28 17:00:00+00:00,19.526180681757523,319.739990234375,517.1599731445312
2026-08-28 17:30:00+00:00,19.526180681757523,319.5400085449219,514.7249755859375
2026-08-28 18:00:00+00:00,19.523918240899093,319.5400085449219,514.7249755859375
2026-08-28 18:30:00+00:00,19.523918240899093,319.5450134277344,513.2899780273438
2026-08-28 19:00:00+00:00,19.535234463736288,319.5450134277344,513.2899780273438
2026-08-28 19:30:00+00:00,19.535234463736288,319.6400146484375,513.6699829101562
2026-08-28 20:00:00+00:00,19.528443122615954,319.6400146484375,513.6699829101562
2026-08-28 21:00:00+00:00,19.530707572746905,319.6400146484375,513.6699829101562
2026-08-30 23:00:00+00:00,19.53976135472567,319.6400146484375,513.6699829101562
2026-08-31 00:00:00+00:00,19.544294273532614,319.6400146484375,513.6699829101562
2026-08-31 01:00:00+00:00,19.542027814129142,319.6400146484375,513.6699829101562
2026-08-31 02:00:00+00:00,19.544294273532614,319.6400146484375,513.6699829101562
2026-08-31 03:00:00+00:00,19.544294273532614,319.6400146484375,513.6699829101562
2026-08-31 04:00:00+00:00,19.542027814129142,319.6400146484375,513.6699829101562
2026-08-31 05:00:00+00:00,19.542027814129142,319.6400146484375,513.6699829101562
2026-08-31 06:00:00+00:00,19.53976135472567,319.6400146484375,513.6699829101562
2026-08-31 07:00:00+00:00,19.56244202294056,319.6400146484375,513.6699829101562
2026-08-31 07:30:00+00:00,19.591457365650513,319.6400146484375,513.6699829101562
2026-08-31 08:00:00+00:00,19.575552520249857,319.6400146484375,513.6699829101562
2026-08-31 08:30:00+00:00,19.587149677561683,319.6400146484375,513.6699829101562
2026-08-31 09:00:00+00:00,19.59624038095899,319.6400146484375,513.6699829101562
2026-08-31 09:30:00+00:00,19.75287134793666,319.6400146484375,513.6699829101562
2026-08-31 10:00:00+00:00,19.750579999411457,319.6400146484375,513.6699829101562
2026-08-31 10:30:00+00:00,19.80858596856524,319.6400146484375,513.6699829101562
2026-08-31 11:00:00+00:00,19.806287890521617,319.6400146484375,513.6699829101562
2026-08-31 11:30:00+00:00,19.77728716448155,319.6400146484375,513.6699829101562
2026-08-31 12:00:00+00:00,19.774992451325488,319.6400146484375,513.6699829101562
2026-08-31 12:30:00+00:00,19.769194306407826,319.6400146484375,513.6699829101562
2026-08-31 13:00:00+00:00,19.778370467738114,319.6400146484375,513.6699829101562
2026-08-31 13:30:00+00:00,19.586909674531398,315.7099914550781,509.3699951171875
2026-08-31 14:00:00+00:00,19.60966422814863,315.7099914550781,509.3699951171875
2026-08-31 14:30:00+00:00,19.60966422814863,315.06988525390625,510.82000732421875
2026-08-31 15:00:00+00:00,19.614221980531283,315.06988525390625,510.82000732421875
2026-08-31 15:30:00+00:00,19.614221980531283,314.6700134277344,510.60009765625
2026-08-31 16:00:00+00:00,19.614221980531283,314.6700134277344,510.60009765625
2026-08-31 16:30:00+00:00,19.614221980531283,313.8800048828125,510.6799011230469
2026-08-31 17:00:00+00:00,19.611942098213603,313.8800048828125,510.6799011230469
2026-08-31 17:30:00+00:00,19.611942098213603,315.68499755859375,510.9200134277344
2026-08-31 18:00:00+00:00,19.611942098213603,315.68499755859375,510.9200134277344
2026-08-31 18:30:00+00:00,19.611942098213603,316.0249938964844,510.5950012207031
2026-08-31 19:00:00+00:00,19.611942098213603,316.0249938964844,510.5950012207031
2026-08-31 19:30:00+00:00,19.611942098213603,317.2300109863281,507.32000732421875
2026-08-31 20:00:00+00:00,19.616501862848963,317.2300109863281,507.32000732421875
2026-08-31 21:00:00+00:00,19.618779732913936,317.2300109863281,507.32000732421875
2026-08-31 22:00:00+00:00,19.611942098213603,317.2300109863281,507.32000732421875
2026-08-31 23:00:00+00:00,19.616501862848963,317.2300109863281,507.32000732421875
2026-09-01 00:00:00+00:00,19.616501862848963,317.2300109863281,507.32000732421875
2026-09-01 01:00:00+00:00,19.60283263020642,317.2300109863281,507.32000732421875
2026-09-01 02:00:00+00:00,19.60283263020642,317.2300109863281,507.32000732421875
2026-09-01 03:00:00+00:00,19.596005056769627,317.2300109863281,507.32000732421875
2026-09-01 04:00:00+00:00,19.596005056769627,317.2300109863281,507.32000732421875
2026-09-01 05:00:00+00:00,19.600556772394157,317.2300109863281,507.32000732421875
2026-09-01 06:00:00+00:00,19.59373121121007,317.2300109863281,507.32000732421875
2026-09-01 07:00:00+00:00,19.577822341304,317.2300109863281,507.32000732421875
2026-09-01 07:30:00+00:00,19.473440247469625,317.2300109863281,507.32000732421875
2026-09-01 08:00:00+00:00,19.4711825283066,317.2300109863281,507.32000732421875
2026-09-01 08:30:00+00:00,19.366810324431754,317.2300109863281,507.32000732421875
2026-09-01 09:00:00+00:00,19.366810324431754,317.2300109863281,507.32000732421875
2026-09-01 09:30:00+00:00,19.424793899059296,317.2300109863281,507.32000732421875
2026-09-01 10:00:00+00:00,19.422541558742523,317.2300109863281,507.32000732421875
2026-09-01 10:30:00+00:00,19.422541558742523,317.2300109863281,507.32000732421875
2026-09-01 11:00:00+00:00,19.422541558742523,317.2300109863281,507.32000732421875
2026-09-01 11:30:00+00:00,19.631261762197028,317.2300109863281,507.32000732421875
2026-09-01 12:00:00+00:00,19.633538306808987,317.2300109863281,507.32000732421875
2026-09-01 12:30:00+00:00,19.645135464120813,317.2300109863281,507.32000732421875
2026-09-01 13:00:00+00:00,19.6610968446289,317.2300109863281,507.32000732421875
2026-09-01 13:30:00+00:00,19.539228863281096,325.3445129394531,504.2200012207031
2026-09-01 14:00:00+00:00,19.527895965161406,325.3445129394531,504.2200012207031
2026-09-01 14:30:00+00:00,19.527895965161406,324.6000061035156,501.17999267578125
2026-09-01 15:00:00+00:00,19.52110264833209,324.6000061035156,501.17999267578125
2026-09-01 15:30:00+00:00,19.52110264833209,326.6600036621094,500.7052917480469
2026-09-01 16:00:00+00:00,19.509791825983484,326.6600036621094,500.7052917480469
2026-09-01 16:30:00+00:00,19.509791825983484,324.6499938964844,500.9750061035156
2026-09-01 17:00:00+00:00,19.514315352167614,324.6499938964844,500.9750061035156
2026-09-01 17:30:00+00:00,19.514315352167614,325.2099914550781,501.3699951171875
2026-09-01 18:00:00+00:00,19.518838878351744,325.2099914550781,501.3699951171875
2026-09-01 18:30:00+00:00,19.518838878351744,325.57000732421875,500.8699951171875
2026-09-01 19:00:00+00:00,19.5165751083714,325.57000732421875,500.8699951171875
2026-09-01 19:30:00+00:00,19.5165751083714,325.1400146484375,501.1499938964844
2026-09-01 20:00:00+00:00,19.52110264833209,325.1400146484375,501.1499938964844
2026-09-01 21:00:00+00:00,19.52110264833209,325.1400146484375,501.1499938964844
2026-09-01 22:00:00+00:00,19.523366418312435,325.1400146484375,501.1499938964844
2026-09-01 23:00:00+00:00,19.518838878351744,325.1400146484375,501.1499938964844
2026-09-02 00:00:00+00:00,19.5075320697797,325.1400146484375,501.1499938964844
2026-09-02 01:00:00+00:00,19.49849304496456,325.1400146484375,501.1499938964844
2026-09-02 02:00:00+00:00,19.50301055048385,325.1400146484375,501.1499938964844
2026-09-02 03:00:00+00:00,19.500750794280066,325.1400146484375,501.1499938964844
2026-09-02 04:00:00+00:00,19.493977546333554,325.1400146484375,501.1499938964844
2026-09-02 05:00:00+00:00,19.500750794280066,325.1400146484375,501.1499938964844
2026-09-02 06:00:00+00:00,19.480443091770212,325.1400146484375,501.1499938964844
2026-09-02 07:00:00+00:00,19.49849304496456,325.1400146484375,501.1499938964844
2026-09-02 07:30:00+00:00,19.365298963630266,325.1400146484375,501.1499938964844
2026-09-02 08:00:00+00:00,19.35633165023205,325.1400146484375,501.1499938964844
2026-09-02 08:30:00+00:00,19.501041073416445,325.1400146484375,501.1499938964844
2026-09-02 09:00:00+00:00,19.49878399104614,325.1400146484375,501.1499938964844
2026-09-02 09:30:00+00:00,19.487208312163602,325.1400146484375,501.1499938964844
2026-09-02 10:00:00+00:00,19.487208312163602,325.1400146484375,501.1499938964844
2026-09-02 10:30:00+00:00,19.643476665325352,325.1400146484375,501.1499938964844
2026-09-02 11:00:00+00:00,19.65257603639043,325.1400146484375,501.1499938964844
2026-09-02 11:30:00+00:00,19.739432739754875,325.1400146484375,501.1499938964844
2026-09-02 12:00:00+00:00,19.74171865239805,325.1400146484375,501.1499938964844
2026-09-02 12:30:00+00:00,19.735928565867653,325.1400146484375,501.1499938964844
2026-09-02 13:00:00+00:00,19.77945582803295,325.1400146484375,501.1499938964844
2026-09-02 13:30:00+00:00,19.698200339554205,324.57000732421875,497.7900085449219
2026-09-02 14:00:00+00:00,19.677642800922968,324.57000732421875,497.7900085449219
2026-09-02 14:30:00+00:00,19.677642800922968,326.54998779296875,497.04998779296875
2026-09-02 15:00:00+00:00,19.675360877721232,326.54998779296875,497.04998779296875
2026-09-02 15:30:00+00:00,19.675360877721232,324.6698913574219,494.17999267578125
2026-09-02 16:00:00+00:00,19.670801077280885,324.6698913574219,494.17999267578125
2026-09-02 16:30:00+00:00,19.670801077280885,325.07501220703125,496.4599914550781
2026-09-02 17:00:00+00:00,19.66852117706071,325.07501220703125,496.4599914550781
2026-09-02 17:30:00+00:00,19.66852117706071,326.2955017089844,496.1050109863281
2026-09-02 18:00:00+00:00,19.666241276840537,326.2955017089844,496.1050109863281
2026-09-02 18:30:00+00:00,19.666241276840537,325.6400146484375,497.1549987792969
2026-09-02 19:00:00+00:00,19.66852117706071,325.6400146484375,497.1549987792969
2026-09-02 19:30:00+00:00,19.66852117706071,324.989990234375,496.80999755859375
2026-09-02 20:00:00+00:00,19.670801077280885,324.989990234375,496.80999755859375
2026-09-02 21:00:00+00:00,19.673078954519497,324.989990234375,496.80999755859375
2026-09-02 22:00:00+00:00,19.66852117706071,324.989990234375,496.80999755859375
2026-09-02 23:00:00+00:00,19.666241276840537,324.989990234375,496.80999755859375
2026-09-03 00:00:00+00:00,19.673078954519497,324.989990234375,496.80999755859375
2026-09-03 01:00:00+00:00,19.666241276840537,324.989990234375,496.80999755859375
2026-09-03 02:00:00+00:00,19.675360877721232,324.989990234375,496.80999755859375
2026-09-03 03:00:00+00:00,19.684490593509736,324.989990234375,496.80999755859375
2026-09-03 04:00:00+00:00,19.68220664732644,324.989990234375,496.80999755859375
2026-09-03 05:00:00+00:00,19.691342432059628,324.989990234375,496.80999755859375
2026-09-03 06:00:00+00:00,19.698200339554205,324.989990234375,496.80999755859375
2026-09-03 07:00:00+00:00,19.698200339554205,324.989990234375,496.80999755859375
2026-09-03 07:30:00+00:00,19.785258684502878,324.989990234375,496.80999755859375
2026-09-03 08:00:00+00:00,19.794449069289612,324.989990234375,496.80999755859375
2026-09-03 08:30:00+00:00,19.864126767586185,324.989990234375,496.80999755859375
2026-09-03 09:00:00+00:00,19.85720818664322,324.989990234375,496.80999755859375
2026-09-03 09:30:00+00:00,19.810773304800477,324.989990234375,496.80999755859375
2026-09-03 10:00:00+00:00,19.80847453835395,324.989990234375,496.80999755859375
2026-09-03 10:30:00+00:00,19.889727812847013,324.989990234375,496.80999755859375
2026-09-03 11:00:00+00:00,19.903589243915576,324.989990234375,496.80999755859375
2026-09-03 11:30:00+00:00,19.97909224439627,324.989990234375,496.80999755859375
2026-09-03 12:00:00+00:00,20.002327375736968,324.989990234375,496.80999755859375
2026-09-03 12:30:00+00:00,20.11861819711612,324.989990234375,496.80999755859375
2026-09-03 13:00:00+00:00,20.120958931017867,324.989990234375,496.80999755859375
2026-09-03 13:30:00+00:00,20.20818941295147,329.7149963378906,510.1697998046875
2026-09-03 14:00:00+00:00,20.191749811172485,329.7149963378906,510.1697998046875
2026-09-03 14:30:00+00:00,20.191749811172485,329.8299865722656,512.719970703125
2026-09-03 15:00:00+00:00,20.20114091038704,329.8299865722656,512.719970703125
2026-09-03 15:30:00+00:00,20.20114091038704,330.06988525390625,512.1799926757812
2026-09-03 16:00:00+00:00,20.227006822824478,330.06988525390625,512.1799926757812
2026-09-03 16:30:00+00:00,20.227006822824478,327.7300109863281,510.1000061035156
2026-09-03 17:00:00+00:00,20.217595010995865,327.7300109863281,510.1000061035156
2026-09-03 17:30:00+00:00,20.217595010995865,327.1199951171875,514.72998046875
2026-09-03 18:00:00+00:00,20.219945892691612,327.1199951171875,514.72998046875
2026-09-03 18:30:00+00:00,20.219945892691612,327.7950134277344,511.3699951171875
2026-09-03 19:00:00+00:00,20.21288910508156,327.7950134277344,511.3699951171875
2026-09-03 19:30:00+00:00,20.21288910508156,328.2099914550781,510.0799865722656
2026-09-03 20:00:00+00:00,20.205838531255722,328.2099914550781,510.0799865722656
2026-09-03 21:00:00+00:00,20.20818941295147,328.2099914550781,510.0799865722656
2026-09-03 22:00:00+00:00,20.20114091038704,328.2099914550781,510.0799865722656
2026-09-03 23:00:00+00:00,20.21053822338581,328.2099914550781,510.0799865722656
2026-09-04 00:00:00+00:00,20.21053822338581,328.2099914550781,510.0799865722656
2026-09-04 01:00:00+00:00,20.21288910508156,328.2099914550781,510.0799865722656
2026-09-04 02:00:00+00:00,20.20818941295147,328.2099914550781,510.0799865722656
2026-09-04 03:00:00+00:00,20.20114091038704,328.2099914550781,510.0799865722656
2026-09-04 04:00:00+00:00,20.20818941295147,328.2099914550781,510.0799865722656
2026-09-04 05:00:00+00:00,20.21053822338581,328.2099914550781,510.0799865722656
2026-09-04 06:00:00+00:00,20.20818941295147,328.2099914550781,510.0799865722656
2026-09-04 07:00:00+00:00,20.20114091038704,328.2099914550781,510.0799865722656
2026-09-04 07:30:00+00:00,20.30578009107103,328.2099914550781,510.0799865722656
2026-09-04 08:00:00+00:00,20.30813898603583,328.2099914550781,510.0799865722656
2026-09-04 08:30:00+00:00,20.372092826976314,328.2099914550781,510.0799865722656
2026-09-04 09:00:00+00:00,20.360257032218215,328.2099914550781,510.0799865722656
2026-09-04 09:30:00+00:00,20.331204598103795,328.2099914550781,510.0799865722656
2026-09-04 10:00:00+00:00,20.33593049206638,328.2099914550781,510.0799865722656
2026-09-04 10:30:00+00:00,20.388237915887657,328.2099914550781,510.0799865722656
2026-09-04 11:00:00+00:00,20.388237915887657,328.2099914550781,510.0799865722656
2026-09-04 11:30:00+00:00,20.330117324378534,328.2099914550781,510.0799865722656
2026-09-04 12:00:00+00:00,20.29708722255782,328.2099914550781,510.0799865722656
2026-09-04 12:30:00+00:00,20.134618391226468,328.2099914550781,510.0799865722656
2026-09-04 13:00:00+00:00,20.150986768795065,328.2099914550781,510.0799865722656
2026-09-04 13:30:00+00:00,20.383273466442006,320.7099914550781,501.68499755859375
2026-09-04 14:00:00+00:00,20.392748691240286,320.7099914550781,501.68499755859375
2026-09-04 14:30:00+00:00,20.392748691240286,319.4700012207031,500.94500732421875
2026-09-04 15:00:00+00:00,20.39511906653206,319.4700012207031,500.94500732421875
2026-09-04 15:30:00+00:00,20.39511906653206,320.5,501.1199951171875
2026-09-04 16:00:00+00:00,20.397487349700896,320.5,501.1199951171875
2026-09-04 16:30:00+00:00,20.397487349700896,321.68499755859375,500.9049987792969
2026-09-04 17:00:00+00:00,20.38564174961084,321.68499755859375,500.9049987792969
2026-09-04 17:30:00+00:00,20.38564174961084,320.8800048828125,499.8999938964844
2026-09-04 18:00:00+00:00,20.383273466442006,320.8800048828125,499.8999938964844
2026-09-04 18:30:00+00:00,20.383273466442006,321.7850036621094,500.0199890136719
2026-09-04 19:00:00+00:00,20.388010032779675,321.7850036621094,500.0199890136719
2026-09-04 19:30:00+00:00,20.388010032779675,319.989990234375,499.67999267578125
2026-09-04 20:00:00+00:00,20.388010032779675,319.989990234375,499.67999267578125
2026-09-04 21:00:00+00:00,20.39511906653206,319.989990234375,499.67999267578125
